Source,Facility_Name,Address,City_Town,State,ZIP_Code,County_Parish,Telephone_Number,Y,X,ObjectID,Facility_ID,Hospital_Type,Hospital_Ownership,Emergency_Services,Meets_criteria_for_birthing_friendly_designation,Hospital_overall_rating
ahd,Atrium Health Floyd Medical Center Behavioral Health,306 SHORTER AVENUE NW,ROME,GA,30165,FLOYD,(706) 509-3500,34.264475113835,-85.190579670104,NA,NA,NA,NA,NA,NA,NA
ahd,Emory Hospital Perry,1120 MORNINGSIDE DRIVE,PERRY,GA,31069,HOUSTON,(478) 987-3600,32.459605979947,-83.709716984867,NA,NA,NA,NA,NA,NA,NA
ahd,Emory Saint Joseph's Hospital,5665 PEACHTREE DUNWOODY ROAD NE,ATLANTA,GA,30342,FULTON,(678) 843-7001,33.908938376191,-84.349756512954,NA,NA,NA,NA,NA,NA,NA
ahd,Memorial Health Dwaine and Cynthia Willett Children's Hospital of Savannah,4700 WATERS AVENUE,SAVANNAH,GA,31404,CHATHAM,(912) 350-8000,32.030382297016,-81.089258371428,NA,NA,NA,NA,NA,NA,NA
ahd,Memorial Health University Medical Center,4700 WATERS AVENUE,SAVANNAH,GA,31404,CHATHAM,(912) 350-8000,32.030382297016,-81.089258371428,NA,NA,NA,NA,NA,NA,NA
ahd,NGMC Braselton,1400 RIVER PLACE,BRASELTON,GA,30517,HALL,(770) 848-8000,34.120539982859,-83.837700012996,NA,NA,NA,NA,NA,NA,NA
ahd,Piedmont Augusta Hospital Summerville Campus,2260 WRIGHTSBORO ROAD,AUGUSTA,GA,30904,RICHMOND,(706) 481-7000,33.465603256349,-82.018166362316,NA,NA,NA,NA,NA,NA,NA
ahd,Piedmont Macon Medical Center,350 HOSPITAL DRIVE,MACON,GA,31217,BIBB,(478) 765-7000,32.847409985423,-83.618690019296,NA,NA,NA,NA,NA,NA,NA
ahd,Piedmont McDuffie,2460 WASHINGTON ROAD,THOMSON,GA,30824,MCDUFFIE,(706) 595-1411,33.523070003615,-82.501939974028,NA,NA,NA,NA,NA,NA,NA
ahd,Saint Mary's Sacred Heart Hospital,367 CLEAR CREEK PARKWAY,LAVONIA,GA,30553,FRANKLIN,(706) 356-7800,34.439720005933,-83.132390018149,NA,NA,NA,NA,NA,NA,NA
ahd,SGMC Smith Northview Hospital,4280 N VALDOSTA ROAD,VALDOSTA,GA,31602,LOWNDES,(229) 433-8000,30.898731030011,-83.335553520981,NA,NA,NA,NA,NA,NA,NA
ahd,Early Medical Center,11740 COLUMBIA STREET,BLAKELY,GA,39823,EARLY,(229) 723-4241,31.373752090788,-84.945460718565,NA,NA,NA,NA,NA,NA,NA
CMS,St Francis-downtown,One St Francis Dr,Greenville,SC,29601,Greenville,(800) 805-5678,34.83969315195936,-82.42209404855099,19,420023,Acute Care Hospitals,Voluntary non-profit - Private,Yes,Y,3
CMS,Memorial Health Meadows Hospital,One Meadows Parkway,Vidalia,GA,30474,Toombs,(912) 535-5828,32.208663994374405,-82.37500099537006,34,110128,Acute Care Hospitals,Proprietary,Yes,NA,5
CMS,Erlanger Medical Center,975 E 3Rd St,Chattanooga,TN,37403,Hamilton,(423) 778-7000,35.04836763029321,-85.29059128137604,138,440104,Acute Care Hospitals,Government - Hospital District or Authority,Yes,Y,3
CMS,Piedmont Cartersville Medical Center,960 Joe Frank Harris Parkway,Cartersville,GA,30120,Bartow,(470) 490-1000,34.20076720116116,-84.79543068634275,142,110030,Acute Care Hospitals,Voluntary non-profit - Private,Yes,Y,2
CMS,Beaufort County Memorial Hospital,955 Ribaut Rd,Beaufort,SC,29902,Beaufort,(843) 522-5200,32.416833546850526,-80.68746907655401,147,420067,Acute Care Hospitals,Government - Local,Yes,Y,3
CMS,Jenkins County Medical Center,931 East Winthrope Avenue,Millen,GA,30442,Jenkins,(478) 982-4221,32.804274281048436,-81.93464312766267,185,111311,Critical Access Hospitals,Proprietary,Yes,NA,Not Available
CMS,Carolinas Medical Center-northeast,920 Church St N,Concord,NC,28025,Cabarrus,(704) 783-3000,35.43555552373665,-80.60305493009108,217,340001,Acute Care Hospitals,Government - Hospital District or Authority,Yes,Y,3
CMS,Archbold Brooks,903 N Court Street,Quitman,GA,31643,Brooks,(912) 263-4171,30.794934863310168,-83.55893040216864,267,111332,Critical Access Hospitals,Government - Hospital District or Authority,Yes,NA,Not Available
CMS,Crisp Regional Hospital,902 7Th Street North,Cordele,GA,31015,Crisp,(229) 276-3100,31.977464031675137,-83.78142584320506,272,110104,Acute Care Hospitals,Proprietary,Yes,Y,4
CMS,Dodge County Hospital,901 Griffin Ave,Eastman,GA,31023,Dodge,(478) 448-4067,32.18575298435796,-83.17797902161703,285,110092,Acute Care Hospitals,Government - Hospital District or Authority,Yes,NA,Not Available
CMS,Tift Regional Medical Center,901 E 18Th Street,Tifton,GA,31794,Tift,(229) 382-7120,31.471097293315093,-83.4914513044251,290,110095,Acute Care Hospitals,Government - Hospital District or Authority,No,Y,2
CMS,Archbold Mitchell,90  E Stephens Street,Camilla,GA,31730,Mitchell,(229) 336-5284,31.22971092886669,-84.20547948433843,329,111331,Critical Access Hospitals,Government - Hospital District or Authority,Yes,NA,Not Available
CMS,"Transylvania Regional Hospital, Inc",90 Hospital Drive PO Box 1116,Brevard,NC,28712,Transylvania,(828) 883-5302,35.25623345654867,-82.71311281955992,330,341319,Critical Access Hospitals,Voluntary non-profit - Private,Yes,NA,1
CMS,Jasper Memorial Hospital,898 College Street,Monticello,GA,31064,Jasper,(706) 468-6411,33.31439669835225,-83.68648209773261,337,111303,Critical Access Hospitals,Government - Local,Yes,NA,Not Available
CMS,Wellstar Douglas Medical Center,8954 Hospital Drive,Douglasville,GA,30134,Douglas,(770) 949-1500,33.73907504295402,-84.73143493996237,339,110184,Acute Care Hospitals,Voluntary non-profit - Private,Yes,Y,3
CMS,Atrium Health University City,8800 North Tyron Street,Charlotte,NC,28262,Mecklenburg,(704) 548-6000,35.30629924309496,-80.7474744507468,359,340166,Acute Care Hospitals,Government - Hospital District or Authority,Yes,Y,3
CMS,Monroe County Hospital,88 Martin Luther King Jr Drive,Forsyth,GA,31029,Monroe,(478) 994-2521,33.03148035089302,-83.94539950558821,363,111318,Critical Access Hospitals,Government - Hospital District or Authority,Yes,NA,Not Available
CMS,Wayne Memorial Hospital,865 South First Street,Jesup,GA,31545,Wayne,(912) 427-6811,31.60062301062907,-81.90050195999366,374,110124,Acute Care Hospitals,Government - Hospital District or Authority,Yes,Y,3
CMS,Lake Butler Hospital,850 E Main St,Lake Butler,FL,32054,Union,(386) 496-2323,30.022709998488892,-82.32691602874064,399,101303,Critical Access Hospitals,Proprietary,Yes,NA,Not Available
CMS,Clay County Hospital,83825 Highway 9    P O Box 1270,Ashland,AL,36251,Clay,(256) 354-2131,33.27750999662749,-85.82393102607766,416,010073,Acute Care Hospitals,Government - Hospital District or Authority,Yes,NA,Not Available
CMS,Navicent Health Baldwin,821 North Cobb Street,Milledgeville,GA,31061,Baldwin,(478) 454-3550,33.089345951354964,-83.24576523269496,455,110150,Acute Care Hospitals,Proprietary,Yes,Y,1
CMS,Novant Health Mint Hill Medical Center,8201 Healthcare Loop,Charlotte,NC,28215,Mecklenburg,(704) 384-4089,35.22317913591433,-80.64761497132602,460,340190,Acute Care Hospitals,Voluntary non-profit - Private,Yes,Y,4
CMS,Medical Center Barbour,820 W Washington St,Eufaula,AL,36027,Barbour,(334) 688-7271,31.888754452727923,-85.15617229245173,463,011307,Critical Access Hospitals,Government - Hospital District or Authority,Yes,NA,Not Available
CMS,Phoebe Worth Medical Center,807 South Isabella Street,Sylvester,GA,31791,Worth,(229) 777-3851,31.51168971823736,-83.84015356333218,509,111328,Critical Access Hospitals,Voluntary non-profit - Private,Yes,NA,Not Available
CMS,Community Hospital Inc,805 Friendship Road,Tallassee,AL,36078,Elmore,(334) 283-6541,32.533935733125,-85.91226597559933,518,010034,Acute Care Hospitals,Voluntary non-profit - Private,Yes,NA,Not Available
CMS,Upson Regional Medical Center,801 W Gordon Street,Thomaston,GA,30286,Upson,(706) 647-8111,32.886301010121464,-84.3361879721002,532,110002,Acute Care Hospitals,Voluntary non-profit - Other,Yes,Y,2
CMS,Musc Health Lancaster Medical Center,800 W Meeting St,Lancaster,SC,29720,Lancaster,(803) 286-1481,34.717470335330894,-80.78771429165944,565,420036,Acute Care Hospitals,Proprietary,Yes,Y,2
CMS,Baptist Health Medical Center - Jacksonville,800 Prudential Dr,Jacksonville,FL,32207,Duval,(904) 202-2000,30.31532701613992,-81.66409876310095,586,100088,Acute Care Hospitals,Voluntary non-profit - Private,Yes,Y,4
CMS,Anmed Health,800 N Fant St,Anderson,SC,29621,Anderson,(864) 512-2830,34.51193462805573,-82.64722861502632,587,420027,Acute Care Hospitals,Voluntary non-profit - Private,Yes,Y,4
CMS,Pardee Hospital Henderson County,800 N Justice St,Hendersonville,NC,28791,Henderson,(828) 696-1000,35.32054336558706,-82.46710000630644,589,340017,Acute Care Hospitals,Government - Local,Yes,Y,5
CMS,Grady Memorial Hospital,"80 Jesse Hill, Jr Drive Se",Atlanta,GA,30303,Fulton,(404) 616-1000,33.75168213799325,-84.38198618824072,619,110079,Acute Care Hospitals,Voluntary non-profit - Private,Yes,Y,2
CMS,Atrium Health Navicent The Medical Center,777 Hemlock Street,Macon,GA,31201,Bibb,(478) 633-1000,32.83355935169757,-83.6361446621221,647,110107,Acute Care Hospitals,Government - Hospital District or Authority,Yes,Y,2
CMS,"Piedmont Newnan Hospital, Inc",745 Poplar Road,Newnan,GA,30265,Coweta,(770) 400-2300,33.356898019081385,-84.75559602694575,719,110229,Acute Care Hospitals,Voluntary non-profit - Private,Yes,Y,2
CMS,"Northeast Georgia Medical Center, Inc",743 Spring Street,Gainesville,GA,30501,Hall,(770) 535-3553,34.30480007313504,-83.81659161491409,726,110029,Acute Care Hospitals,Government - Local,Yes,Y,2
CMS,Prisma Health Hillcrest Hospital,741 South East Main Street,Simpsonville,SC,29681,Greenville,(864) 454-6100,34.71847675064253,-82.24650248088652,730,420037,Acute Care Hospitals,Voluntary non-profit - Private,Yes,NA,4
CMS,Piedmont Columbus Regional Midtown,710 Center Street,Columbus,GA,31901,Muscogee,(706) 571-1000,32.48050734534506,-84.9816903211313,812,110064,Acute Care Hospitals,Voluntary non-profit - Other,Yes,Y,1
CMS,Adventhealth Murray,"707 Old Dalton Ellijay Road, PO Box 1406",Chatsworth,GA,30705,Murray,(706) 517-2031,34.779978001006356,-84.78319796958941,830,110050,Acute Care Hospitals,Voluntary non-profit - Private,No,NA,5
CMS,Tanner Medical Center - Carrollton,705 Dixie Street,Carrollton,GA,30117,Carroll,(770) 836-9580,33.56970800222543,-85.0741230157715,843,110011,Acute Care Hospitals,Government - Hospital District or Authority,No,Y,3
CMS,Mizell Memorial Hospital,702 N Main St,Opp,AL,36467,Covington,(334) 493-3541,31.291856999061523,-86.25405199194623,850,010007,Acute Care Hospitals,Voluntary non-profit - Private,Yes,NA,1
CMS,Prisma Health Greenville Memorial Hospital,701 Grove Road,Greenville,SC,29605,Greenville,(864) 455-7000,34.817860054494695,-82.41327678938994,873,420078,Acute Care Hospitals,Voluntary non-profit - Private,No,Y,4
CMS,Harris Regional Hospital,68 Hospital Rd,Sylva,NC,28779,Jackson,(828) 586-7000,35.38617660041555,-83.20311542747068,936,340016,Acute Care Hospitals,Proprietary,Yes,Y,3
CMS,Wellstar Kennestone Regional Medical Center,677 Church Street,Marietta,GA,30060,Cobb,(770) 793-5000,33.96773059541711,-84.55163356144934,941,110035,Acute Care Hospitals,Government - Hospital District or Authority,Yes,Y,4
CMS,Shands Jacksonville,655 W 8Th St,Jacksonville,FL,32209,Duval,(904) 244-4000,30.34852521991297,-81.66387228344477,980,100001,Acute Care Hospitals,Voluntary non-profit - Private,Yes,Y,3
CMS,Emory Johns Creek Hospital,6325 Hospital Parkway,Johns Creek,GA,30097,Gwinnett,(678) 474-7000,34.066961600560184,-84.17617182422653,1028,110230,Acute Care Hospitals,Proprietary,Yes,Y,3
CMS,Ascension Sacred Heart Bay,615 N Bonita Ave,Panama City,FL,32401,Bay,(850) 769-1511,30.159676876154585,-85.64765993769801,1091,100026,Acute Care Hospitals,Voluntary non-profit - Private,Yes,NA,3
CMS,Washington County Regional Medical Center,610 Sparta Road,Sandersville,GA,31082,Washington,(478) 240-2100,32.99580102007307,-82.80408897591701,1112,110086,Acute Care Hospitals,Government - Hospital District or Authority,No,NA,Not Available
CMS,Citizens Baptist Medical Center,604 Stone Avenue,Talladega,AL,35160,Talladega,(256) 761-4542,33.440077427745884,-86.09085440928988,1142,010101,Acute Care Hospitals,Voluntary non-profit - Private,Yes,NA,Not Available
CMS,Wellstar Spalding Medical Center,601 South 8Th Street,Griffin,GA,30223,Spalding,(770) 228-2721,33.239255996420006,-84.26734396423252,1160,110031,Acute Care Hospitals,Proprietary,Yes,Y,2
CMS,Tanner Medical Center Villa Rica,601 Dallas Highway,Villa Rica,GA,30180,Carroll,(770) 456-3101,33.74455299401834,-84.91671799913753,1178,110015,Acute Care Hospitals,Government - Hospital District or Authority,Yes,Y,2
CMS,Riverview Regional Medical Center,600 South Third Street,Gadsden,AL,35901,Etowah,(256) 543-5200,34.00461323272553,-86.00342755501084,1194,010046,Acute Care Hospitals,Proprietary,Yes,NA,2
CMS,"Southeastern Regional Medical Center, Inc",600 Celebrate Life Parkway North,Newnan,GA,30265,Coweta,(404) 844-8334,33.385187486505416,-84.75801554753535,1235,110233,Acute Care Hospitals,Proprietary,No,NA,4
CMS,Warm Springs Medical Center,5995 Spring Street,Warm Springs,GA,31830,Meriwether,(706) 655-9351,32.88950461577601,-84.68353487805945,1242,111316,Critical Access Hospitals,Voluntary non-profit - Other,Yes,NA,Not Available
CMS,Hampton Regional Medical Center,595 West Carolina Avenue,Varnville,SC,29944,Hampton,(803) 943-2771,32.85340225008765,-81.08874221373493,1246,420072,Acute Care Hospitals,Voluntary non-profit - Private,Yes,NA,Not Available
CMS,"Saint Joseph's Hospital Of Atlanta, Inc",5665 Peachtree Dunwoody Road,Atlanta,GA,30342,Fulton,(678) 843-7001,33.9089383760981,-84.34975651332545,1290,110082,Acute Care Hospitals,Voluntary non-profit - Private,Yes,NA,2
CMS,Emory University Hospital Midtown,"550 Peachtree Street,  Ne",Atlanta,GA,30308,Fulton,(404) 686-2450,33.769292390567024,-84.38554120450227,1350,110078,Acute Care Hospitals,Voluntary non-profit - Private,Yes,Y,2
CMS,St Mary's Good Samaritan Hospital,5401 Lake Oconee Parkway,Greensboro,GA,30642,Greene,(706) 453-7331,33.481415003885,-83.24174502116854,1368,111329,Critical Access Hospitals,Proprietary,Yes,NA,3
CMS,Candler Hospital,5353 Reynolds Street,Savannah,GA,31405,Chatham,(912) 819-5290,32.02816398448918,-81.10031762241509,1381,110024,Acute Care Hospitals,Voluntary non-profit - Other,Yes,Y,2
CMS,Piedmont Newton Hospital,5126 Hospital Drive Ne,Covington,GA,30014,Newton,(770) 786-7053,33.60144000210226,-83.8477879685378,1468,110018,Acute Care Hospitals,Voluntary non-profit - Private,Yes,Y,3
CMS,Flint River Community Hospital,"509 Sumter Street, Box 770",Montezuma,GA,31063,Dooly,(478) 472-3100,32.294881005044665,-84.03040499593466,1489,110190,Acute Care Hospitals,Voluntary non-profit - Private,No,NA,Not Available
CMS,Colleton Medical Center,501 Robertson Boulevard,Walterboro,SC,29488,Colleton,(843) 782-2000,32.92314643142169,-80.66985844623196,1536,420030,Acute Care Hospitals,Proprietary,Yes,Y,2
CMS,Adventhealth Redmond,501 Redmond Road Nw,Rome,GA,30165,Floyd,(706) 802-3012,34.27704633393824,-85.19476047920492,1539,110168,Acute Care Hospitals,Proprietary,No,NA,4
CMS,Elmore Community Hospital,500 Hospital Drive,Wetumpka,AL,36092,Elmore,(334) 567-4311,32.55225660419042,-86.18635840076738,1594,010097,Acute Care Hospitals,Proprietary,Yes,NA,Not Available
CMS,Prisma Health Richland Hospital,5 Medical Park,Columbia,SC,29203,Richland,(803) 296-2548,34.028285294108166,-81.03496935278001,1624,420018,Acute Care Hospitals,Voluntary non-profit - Private,Yes,Y,3
CMS,Savannah Health Services Llc Dba Memorial Health University Medical Center,4700 Waters Avenue,Savannah,GA,31404,Chatham,(912) 350-3691,32.03038229685603,-81.08925837132414,1679,110036,Acute Care Hospitals,Voluntary non-profit - Other,Yes,Y,1
CMS,Liberty Regional Medical Center,462 E G Miles Parkway,Hinesville,GA,31313,Liberty,(912) 369-9400,31.82666235998612,-81.63293256681962,1703,111335,Critical Access Hospitals,Government - Hospital District or Authority,Yes,NA,Not Available
CMS,Effingham Health System,459 Ga Highway 119 South,Springfield,GA,31329,Effingham,(912) 754-0160,32.36364312136514,-81.31999481574157,1719,111306,Critical Access Hospitals,Government - Hospital District or Authority,Yes,NA,Not Available
CMS,Mayo Clinic,4500 San Pablo Rd,Jacksonville,FL,32224,Duval,(904) 953-2000,30.264211865527397,-81.44066077732907,1744,100151,Acute Care Hospitals,Voluntary non-profit - Private,Yes,NA,5
CMS,Northside Hospital Cherokee,450 Northside Cherokee Boulevard,Canton,GA,30115,Cherokee,(770) 244-1000,34.22887398592646,-84.46586598892485,1757,110008,Acute Care Hospitals,Voluntary non-profit - Other,Yes,Y,4
CMS,Dlp Swain County Hospital Llc,45 Plateau Street,Bryson City,NC,28713,Swain,(828) 488-2155,35.43462429454185,-83.44476745631398,1760,341305,Critical Access Hospitals,Voluntary non-profit - Private,Yes,NA,Not Available
CMS,Hca Florida Gulf Coast Hospital,449 W 23Rd St,Panama City,FL,32405,Bay,(850) 747-7926,30.187765429913373,-85.66508448919546,1773,100242,Acute Care Hospitals,Proprietary,Yes,Y,3
CMS,North Walton Doctors Hospital,4413 Us Hwy 331 S,Defuniak Springs,FL,32435,Walton,(850) 920-2065,30.660099503747954,-86.11756560675234,1786,100365,Acute Care Hospitals,Physician,Yes,NA,Not Available
CMS,Jack Hughston Memorial Hospital,4401 River Chase Drive,Phenix City,AL,36867,Russell,(334) 732-3000,32.50805375744128,-85.00888758531588,1788,010168,Acute Care Hospitals,Government - State,Yes,NA,Not Available
CMS,Flowers Hospital,4370 West Main Street,Dothan,AL,36302,Houston,(334) 793-5000,31.237748252055578,-85.45660929105523,1805,010055,Acute Care Hospitals,Proprietary,Yes,Y,2
CMS,Jackson Hospital,4250 Hospital Dr,Marianna,FL,32446,Jackson,(850) 526-2200,30.787316593866496,-85.24091936893198,1838,100142,Acute Care Hospitals,Government - Hospital District or Authority,Yes,Y,1
CMS,Ascension St Vincent's Southside,4201 Belfort Rd,Jacksonville,FL,32216,Duval,(904) 296-3700,30.253960001753274,-81.5816553685561,1873,100307,Acute Care Hospitals,Voluntary non-profit - Private,Yes,Y,4
CMS,Abbeville Area Medical Center,420 Thomson Circle,Abbeville,SC,29620,Abbeville,(864) 366-5011,34.157342782029545,-82.38166016614706,1878,421301,Critical Access Hospitals,Voluntary non-profit - Other,Yes,NA,Not Available
CMS,Phoebe Putney Memorial Hospital,417 Third Avenue,Albany,GA,31703,Dougherty,(229) 312-4068,31.590386988324692,-84.15756601058833,1894,110007,Acute Care Hospitals,Government - Hospital District or Authority,Yes,Y,2
CMS,Baptist Medical Center East,400 Taylor Road,Montgomery,AL,36117,Montgomery,(334) 244-8330,32.37615998473376,-86.17463697992092,2035,010149,Acute Care Hospitals,Government - Hospital District or Authority,Yes,Y,4
CMS,Floyd Cherokee Medical Center,400 Northwood Dr,Centre,AL,35960,Cherokee,(256) 927-5531,34.16154701948093,-85.65119399985726,2044,010022,Acute Care Hospitals,Proprietary,Yes,NA,Not Available
CMS,Prisma Health Baptist Parkridge,400 Palmetto Health Parkway,Columbia,SC,29212,Lexington,(803) 907-7011,34.08741432418418,-81.16002267274042,2047,420106,Acute Care Hospitals,Voluntary non-profit - Private,Yes,Y,4
CMS,Medical Center Enterprise,400 N Edwards Street,Enterprise,AL,36330,Coffee,(334) 347-0584,31.318537351059476,-85.85536115188104,2050,010049,Acute Care Hospitals,Proprietary,Yes,Y,3
CMS,Candler County Hospital,400 Cedar Street,Metter,GA,30439,Candler,(912) 685-5741,32.407040005546285,-82.06594103152338,2070,111334,Critical Access Hospitals,Proprietary,Yes,NA,Not Available
CMS,Northeast Alabama Regional Medical Center,400 East 10Th Street,Anniston,AL,36207,Calhoun,(256) 235-5121,33.6561349798746,-85.82359398986117,2072,010078,Acute Care Hospitals,Government - Local,Yes,Y,1
CMS,Piedmont Macon North Hospital,400 Charter Boulevard,Macon,GA,31210,Bibb,(478) 757-5990,32.87152400831876,-83.69467498914366,2073,110201,Acute Care Hospitals,Proprietary,Yes,NA,Not Available
CMS,Elbert Memorial Hospital,4 Medical Drive,Elberton,GA,30635,Elbert,(706) 213-2535,34.113349986501454,-82.87480801481937,2080,111337,Critical Access Hospitals,Government - Hospital District or Authority,No,NA,Not Available
CMS,Wellstar Cobb Medical Center,3950 Austell Rd,Austell,GA,30106,Cobb,(770) 732-4000,33.857159840165366,-84.60453141660511,2089,110143,Acute Care Hospitals,Voluntary non-profit - Other,No,Y,2
CMS,Erlanger Murphy Medical Center,3990 East Us Highway 64 Alt,Murphy,NC,28906,Cherokee,(828) 837-8161,35.072874512862526,-83.96596358366374,2090,341328,Critical Access Hospitals,Voluntary non-profit - Private,Yes,NA,1
CMS,Highlands Medical Center,380 Woods Cove Road,Scottsboro,AL,35768,Jackson,(256) 259-4444,34.662195329644064,-86.04741092095249,2131,010061,Acute Care Hospitals,Government - Hospital District or Authority,Yes,Y,3
CMS,Doctors Hospital,3651 Wheeler Road,Augusta,GA,30909,Richmond,(706) 651-6008,33.48604227608594,-82.09417522014212,2157,110177,Acute Care Hospitals,Proprietary,Yes,Y,2
CMS,"Ty Cobb Regional Medical Center, Llc",367 Clear Creek Parkway,Lavonia,GA,30553,Franklin,(706) 356-7800,34.44050899468062,-83.13166506740056,2158,110027,Acute Care Hospitals,Voluntary non-profit - Private,Yes,Y,3
CMS,Northside Hospital Duluth,3620 Howell Ferry Road,Duluth,GA,30096,Gwinnett,(678) 312-1000,33.999685763291566,-84.16472625174933,2171,110252,Acute Care Hospitals,Voluntary non-profit - Private,Yes,Y,3
CMS,Hca Florida Memorial Hospital,3625 University Blvd S,Jacksonville,FL,32216,Duval,(904) 702-6111,30.290178414533393,-81.60119174160725,2174,100179,Acute Care Hospitals,Proprietary,Yes,Y,2
CMS,Burke Medical Center,351 South Liberty Street,Waynesboro,GA,30830,Burke,(706) 554-4435,33.08345473081539,-82.01253975868573,2223,110113,Acute Care Hospitals,Proprietary,No,NA,Not Available
CMS,"Coliseum Medical Centers, Llc, Dba",350 Hospital Drive,Macon,GA,31217,Bibb,(478) 765-7000,32.84696100892947,-83.61900400520388,2251,110164,Acute Care Hospitals,Voluntary non-profit - Private,Yes,Y,3
CMS,Union General Hospital,35 Hospital Road,Blairsville,GA,30512,Union,(706) 745-2111,34.88580799430314,-83.96224201885018,2259,110051,Acute Care Hospitals,Government - Local,No,Y,4
CMS,Hca Florida Lake City Hospital,340 Nw Commerce Dr,Lake City,FL,32055,Columbia,(386) 719-9000,30.18367636061885,-82.68741724208633,2290,100156,Acute Care Hospitals,Proprietary,Yes,NA,2
CMS,Doctors Memorial Hospital Inc,333 N Byron Butler Pkwy,Perry,FL,32347,Taylor,(850) 584-0800,30.120183988271553,-83.59297903438022,2327,101314,Critical Access Hospitals,Voluntary non-profit - Private,Yes,NA,Not Available
CMS,Russell Medical Center,3316 Highway 280,Alexander City,AL,35010,Tallapoosa,(256) 329-7100,32.93030998351057,-85.96992500416891,2334,010065,Acute Care Hospitals,Voluntary non-profit - Private,Yes,Y,3
CMS,Union Medical Center,322 West South Street,Union,SC,29379,Union,(864) 301-2000,34.71223231619201,-81.62922023848381,2385,420108,Acute Care Hospitals,Voluntary non-profit - Other,Yes,NA,Not Available
CMS,"Ngmc Barrow, Llc",316 North Broad Street,Winder,GA,30680,Barrow,(770) 848-8611,34.00820961405714,-83.70770063442522,2426,110045,Acute Care Hospitals,Proprietary,Yes,NA,Not Available
CMS,Coosa Valley Medical Center,315 W Hickory St,Sylacauga,AL,35150,Talladega,(256) 249-5000,33.164894349303545,-86.25537432102762,2430,010164,Acute Care Hospitals,Government - Hospital District or Authority,Yes,Y,3
CMS,Colquitt Regional Medical Center,3131 South Main Street,Moultrie,GA,31768,Colquitt,(229) 985-3420,31.125862291385967,-83.7802248837051,2439,110105,Acute Care Hospitals,Government - Hospital District or Authority,No,Y,2
CMS,Atrium Health Floyd Medical Center,304 Turner Mccall Boulevard,Rome,GA,30162,Floyd,(706) 509-6900,34.259660004015295,-85.17977740851249,2511,110054,Acute Care Hospitals,Government - Hospital District or Authority,No,Y,1
CMS,Aiken Regional Medical Center,302 University Parkway,Aiken,SC,29801,Aiken,(803) 641-5900,33.570804816233526,-81.76236643502476,2523,420082,Acute Care Hospitals,Proprietary,Yes,Y,1
CMS,Bacon County Hospital,302 South Wayne Street,Alma,GA,31510,Bacon,(912) 632-8961,31.539971810474768,-82.45915555476701,2524,111327,Critical Access Hospitals,Voluntary non-profit - Other,Yes,NA,Not Available
CMS,Turning Point Hospital,3015 Veterans Parkway,Moultrie,GA,31788,Colquitt,(229) 985-4815,31.127537624463972,-83.77004355344637,2531,110209,Acute Care Hospitals,Proprietary,No,NA,Not Available
CMS,Wellstar North Fulton Medical Center,3000 Hospital Boulevard,Roswell,GA,30076,Fulton,(770) 751-2500,34.062928354716654,-84.31992791838366,2575,110198,Acute Care Hospitals,Proprietary,No,Y,2
CMS,Edgefield County Healthcare An Affiliate Of Self R,300 Ridge Medical Plaza,Edgefield,SC,29384,Laurens,(803) 637-3174,33.77793899476714,-81.92968799809756,2609,421304,Critical Access Hospitals,Voluntary non-profit - Private,Yes,NA,Not Available
CMS,Prisma Health Oconee Memorial Hospital,298 Memorial Dr,Seneca,SC,29672,Oconee,(864) 482-3100,34.695357491911096,-82.9866890718674,2655,420009,Acute Care Hospitals,Voluntary non-profit - Private,Yes,Y,3
CMS,Rutherford Regional Medical Center,288 South Ridgecrest Ave,Rutherfordton,NC,28139,Rutherford,(828) 286-5000,35.36242706455283,-81.96564820660619,2694,340013,Acute Care Hospitals,Proprietary,Yes,Y,3
CMS,Emory Hillandale Hospital,2801 Dekalb Medical Parkway,Lithonia,GA,30058,De Kalb,(404) 501-8040,33.705717834278396,-84.14812044456473,2743,110226,Acute Care Hospitals,Government - Hospital District or Authority,Yes,NA,2
CMS,Lexington Medical Center,2720 Sunset Blvd,West Columbia,SC,29169,Lexington,(803) 791-2000,34.00603601891151,-81.114080958818107,2789,420073,Acute Care Hospitals,Government - Hospital District or Authority,Yes,Y,4
CMS,Emory Decatur Hospital,2701 N Decatur Road,Decatur,GA,30033,De Kalb,(404) 501-1000,33.790387000747586,-84.28165522624646,2800,110076,Acute Care Hospitals,Voluntary non-profit - Private,Yes,Y,1
CMS,Newberry County Memorial Hospital,2669 Kinard St PO Box 497,Newberry,SC,29108,Newberry,(803) 405-7145,34.290483991767914,-81.60637402007339,2824,420053,Acute Care Hospitals,Voluntary non-profit - Other,Yes,Y,3
CMS,Hca Florida Capital Hospital,2626 Capital Medical Blvd,Tallahassee,FL,32308,Leon,(850) 656-5000,30.475868540681265,-84.23197199772477,2838,100254,Acute Care Hospitals,Proprietary,Yes,Y,2
CMS,Doctors Memorial Hospital,2600 Hospital Dr,Bonifay,FL,32425,Holmes,(850) 547-1120,30.76085500896596,-85.6831260332745,2866,101307,Critical Access Hospitals,Government - Hospital District or Authority,No,NA,Not Available
CMS,"Southwell Medical, A Campus Of Trmc",260 Mj Taylor Road,Adel,GA,31620,Cook,(229) 896-8077,31.10826565914489,-83.42763601970384,2874,110101,Acute Care Hospitals,Proprietary,No,NA,Not Available
CMS,"Memorial Healthcare System, Inc",2525 Desales Ave,Chattanooga,TN,37404,Hamilton,(423) 495-2525,35.04170720226506,-85.260666210966,2909,440091,Acute Care Hospitals,Voluntary non-profit - Church,No,NA,4
CMS,Caromont Regional Medical Center,2525 Court Dr,Gastonia,NC,28052,Gaston,(704) 834-4891,35.27260659060626,-81.13939874890065,2911,340032,Acute Care Hospitals,Voluntary non-profit - Private,Yes,Y,4
CMS,Wellstar Paulding Medical Center,2518 Jimmy Lee Smith Parkway,Hiram,GA,30141,Paulding,(470) 644-7000,33.90078496349359,-84.78090015455112,2926,110042,Acute Care Hospitals,Voluntary non-profit - Other,No,NA,4
CMS,Marshall Medical Centers,2505 U S Highway 431 North,Boaz,AL,35957,Marshall,(256) 593-8310,34.22158026338843,-86.16038011718565,2934,010005,Acute Care Hospitals,Government - Hospital District or Authority,Yes,Y,3
CMS,Sgmc Health,"2501 North Patterson Street, PO Box 1727",Valdosta,GA,31602,Lowndes,(229) 333-1020,30.86240868107854,-83.28639097637894,2936,110122,Acute Care Hospitals,Government - Hospital District or Authority,Yes,Y,2
CMS,Pelham Medical Center,250 Westmoreland Road,Greer,SC,29651,Greenville,(864) 560-6554,34.862669540774526,-82.21848370647629,2961,420103,Acute Care Hospitals,Government - Hospital District or Authority,Yes,NA,5
CMS,Hilton Head Regional Medical Center,25 Hospital Center Blvd,Hilton Head Island,SC,29926,Beaufort,(843) 681-6122,32.223406253780546,-80.71472425961653,2982,420080,Acute Care Hospitals,Voluntary non-profit - Other,Yes,Y,3
CMS,University Mcduffie County Regional Medical Center,2460 Washington Road,Thomson,GA,30824,Mc Duffie,(706) 595-1411,33.52315005096345,-82.50186026232652,2994,110111,Acute Care Hospitals,Government - Hospital District or Authority,Yes,NA,Not Available
CMS,Optim Medical Center - Tattnall,247 S Main Street,Reidsville,GA,30453,Tattnall,(912) 557-1000,32.08028299364473,-82.10813603499068,2996,111323,Critical Access Hospitals,Proprietary,Yes,NA,Not Available
CMS,Musc Health Columbia Medical Center Downtown,2435 Forest Drive,Columbia,SC,29204,Richland,(803) 256-5300,34.01389082581971,-81.01376030678836,3008,420026,Acute Care Hospitals,Voluntary non-profit - Private,Yes,NA,3
CMS,Southeast Georgia Health System- Brunswick Campus,2415 Parkwood Drive,Brunswick,GA,31520,Glynn,(912) 466-7000,31.174252946634432,-81.48459418705946,3019,110025,Acute Care Hospitals,Government - Hospital District or Authority,No,NA,1
CMS,Atrium Health Floyd Polk Medical Center,2360 Rockmart Highway,Cedartown,GA,30125,Polk,(770) 748-2500,34.013814006056755,-85.19629797186484,3071,111330,Critical Access Hospitals,Voluntary non-profit - Private,Yes,NA,Not Available
CMS,Parkridge Medical Center,2333 Mccallie Ave,Chattanooga,TN,37404,Hamilton,(423) 894-4220,35.034727172550966,-85.26760994736374,3087,440156,Acute Care Hospitals,Proprietary,Yes,Y,3
CMS,Affiliate Of Vitruvian Health,2305 Chambliss Ave Nw,Cleveland,TN,37311,Bradley,(423) 339-4100,35.177242953524235,-84.8688021789879,3107,440185,Acute Care Hospitals,Proprietary,Yes,Y,2
CMS,Prisma Health Laurens County Hospital,22725 Highway 76 East,Clinton,SC,29325,Laurens,(864) 833-9100,34.48154218245482,-81.94042328795098,3132,420038,Acute Care Hospitals,Voluntary non-profit - Private,Yes,NA,2
CMS,Northeast Georgia Medical Center Lumpkin,227 Mountain Drive,Dahlonega,GA,30533,Lumpkin,(770) 219-7146,34.52282397763105,-83.97564057456913,3133,110237,Acute Care Hospitals,Voluntary non-profit - Other,Yes,NA,5
CMS,Madison County Memorial Hospital,224 Nw Crane Ave,Madison,FL,32340,Madison,(850) 973-2271,30.471168011462083,-83.4187539686546,3150,101311,Critical Access Hospitals,Government - Hospital District or Authority,Yes,NA,Not Available
CMS,Piedmont Walton Hospital,2151 W Spring Street,Monroe,GA,30655,Walton,(770) 267-8461,33.79800401369145,-83.75002698236685,3236,110046,Acute Care Hospitals,Proprietary,Yes,Y,3
CMS,Optim Medical Center - Screven,215 Mims Road,Sylvania,GA,30467,Screven,(912) 564-7426,32.75013401740106,-81.64701895895837,3241,111312,Critical Access Hospitals,Proprietary,Yes,NA,Not Available
CMS,St Francis Hospital- Emory Healthcare,2122 Manchester Expressway,Columbus,GA,31995,Muscogee,(706) 596-4020,32.50625311534079,-84.96091217003199,3263,110129,Acute Care Hospitals,Voluntary non-profit - Private,No,Y,3
CMS,Miller County Hospital,209 N Cuthbert Street,Colquitt,GA,39837,Miller,(229) 758-4231,31.17537913880721,-84.73532405944106,3318,111305,Critical Access Hospitals,Government - Hospital District or Authority,Yes,NA,Not Available
CMS,Ascension St Vincent's St Johns County,205 Trinity Way,St. Johns,FL,32259,St. Johns,(904) 450-6020,30.07045197732468,-81.49693838384124,3342,100361,Acute Care Hospitals,Voluntary non-profit - Private,Yes,NA,Not Available
CMS,Calhoun-liberty Hospital,20370 Ne Burns Ave,Blountstown,FL,32424,Calhoun,(850) 674-5411,30.458716987711302,-85.05011196450859,3357,101304,Critical Access Hospitals,Voluntary non-profit - Private,Yes,NA,Not Available
CMS,Lake Martin Community Hospital,201 Mariarden Road,Dadeville,AL,36853,Tallapoosa,(256) 825-7821,32.81843408166676,-85.74115679908168,3404,010052,Acute Care Hospitals,Proprietary,Yes,NA,Not Available
CMS,Atrium Health Cleveland,201 E Grover St,Shelby,NC,28150,Cleveland,(704) 487-3000,35.30270772321452,-81.53628739602937,3416,340021,Acute Care Hospitals,Government - Hospital District or Authority,Yes,Y,2
CMS,Hca Florida Orange Park Hospital,2001 Kingsley Ave,Orange Park,FL,32073,Clay,(904) 276-8500,30.16597432550578,-81.73761903382513,3437,100226,Acute Care Hospitals,Voluntary non-profit - Other,Yes,Y,3
CMS,The East Alabama Healthcare Authority,2000 Pepperell Parkway,Opelika,AL,36801,Lee,(334) 528-1300,32.638521475019985,-85.40457007708902,3448,010029,Acute Care Hospitals,Government - Hospital District or Authority,Yes,Y,3
CMS,Southeast Georgia Health System -- Camden Campus,2000 Dan Proctor Drive,Saint Marys,GA,31558,Camden,(912) 576-6401,30.781017509941137,-81.61544483231663,3456,110146,Acute Care Hospitals,Government - Hospital District or Authority,Yes,NA,Not Available
CMS,Dorminy Medical Center,"200 Perry House Road, Box 1447",Fitzgerald,GA,31750,Ben Hill,(229) 424-7100,31.697485540894345,-83.26048745957834,3487,110073,Acute Care Hospitals,Government - Local,Yes,NA,Not Available
CMS,Evans Memorial Hospital,200 N River Street,Claxton,GA,30417,Evans,(912) 739-5105,32.16585338197067,-81.89880051760788,3492,110142,Acute Care Hospitals,Government - Hospital District or Authority,Yes,NA,Not Available
CMS,Dekalb Regional Medical Center,200 Med Center Drive,Fort Payne,AL,35968,De Kalb,(256) 845-3150,34.441423543882124,-85.75632837854154,3503,010012,Acute Care Hospitals,Proprietary,Yes,Y,3
CMS,Fairview Park Hospital,200 Industrial Boulevard,Dublin,GA,31021,Laurens,(478) 274-3100,32.53222167596341,-82.95033759584857,3506,110125,Acute Care Hospitals,Proprietary,Yes,Y,4
CMS,Prisma Health Baptist Easley Hospital,200 Fleetwood Drive,Easley,SC,29640,Pickens,(864) 442-7606,34.84065987860341,-82.60678978739676,3524,420015,Acute Care Hospitals,Voluntary non-profit - Private,Yes,NA,2
CMS,Novant Health Presbyterian Medical Center,200 Hawthorne Lane Box 33549,Charlotte,NC,28233,Mecklenburg,(704) 384-4000,35.21192743678766,-80.82439735561259,3525,340053,Acute Care Hospitals,Voluntary non-profit - Private,Yes,Y,4
CMS,Higgins General Hospital,200 Allen Memorial Drive,Bremen,GA,30110,Haralson,(770) 812-2000,33.716694020503084,-85.14518101957327,3530,111320,Critical Access Hospitals,Government - Hospital District or Authority,No,NA,Not Available
CMS,Atrium Health Navicent Peach,1960 Highway 247 Connector,Byron,GA,31008,Peach,(478) 654-2000,32.604927016916946,-83.75931496951655,3561,111310,Critical Access Hospitals,Voluntary non-profit - Private,Yes,NA,3
CMS,"Piedmont Hospital, Inc",1968 Peachtree Rd Nw,Atlanta,GA,30309,Fulton,(404) 605-5000,33.80881624961676,-84.39510604613434,3565,110083,Acute Care Hospitals,Government - Federal,No,Y,4
CMS,Memorial Satilla Health,1900 Tebeau Street,Waycross,GA,31501,Ware,(912) 287-2500,31.225299993841958,-82.34786902702852,3620,110003,Acute Care Hospitals,Voluntary non-profit - Private,Yes,NA,3
CMS,Highlands Cashiers Hospital,190 Hospital Drive,Highlands,NC,28741,Macon,(828) 526-1200,35.086480982284705,-83.18615305379699,3639,341316,Critical Access Hospitals,Voluntary non-profit - Private,Yes,NA,Not Available
CMS,Southern Tennessee Regional Health System Winchest,185 Hospital Road,Winchester,TN,37398,Franklin,(931) 967-8200,35.17579129217934,-86.09017522364627,3670,440058,Acute Care Hospitals,Proprietary,Yes,Y,2
CMS,Vanderbilt Tullahoma-harton Hospital,1801 N Jackson St Box 460,Tullahoma,TN,37388,Coffee,(931) 393-3000,35.38220005857531,-86.23106076658435,3707,440144,Acute Care Hospitals,Voluntary non-profit - Other,Yes,Y,2
CMS,Allendale County Hospital,1787 Allendale Fairfax Rd,Fairfax,SC,29827,Allendale,(803) 632-3311,32.96498000748933,-81.24793198970065,3743,421300,Critical Access Hospitals,Government - Local,Yes,NA,Not Available
CMS,Prisma Health  Patewood Hospital,175 Patewood Drive,Greenville,SC,29615,Greenville,(864) 797-1000,34.85188333055829,-82.32715650594557,3761,420102,Acute Care Hospitals,Voluntary non-profit - Private,No,Y,4
CMS,Morgan Medical Center,1740 Lions Club Road,Madison,GA,30650,Morgan,(706) 342-1667,33.5689009930136,-83.47192599592333,3769,111304,Critical Access Hospitals,Government - Hospital District or Authority,Yes,NA,Not Available
CMS,Piedmont Medical Center,1731 Frank Gaston Blvd,Rock Hill,SC,29732,York,(803) 329-1234,34.956439400176485,-81.05406217367646,3772,420002,Acute Care Hospitals,Proprietary,Yes,Y,2
CMS,Piedmont Eastside Medical Center,1700 Medical Way,Snellville,GA,30078,Gwinnett,(770) 979-0200,33.877404818223134,-84.02104249443046,3834,110192,Acute Care Hospitals,Proprietary,Yes,Y,1
CMS,Ascension St Vincent's Clay County,1670 St Vincents Way,Middleburg,FL,32068,Clay,(904) 602-1000,30.108830156043243,-81.83272035906977,3866,100321,Acute Care Hospitals,Voluntary non-profit - Private,Yes,Y,3
CMS,Jeff Davis Hospital,163 South Tallahassee Street,Hazlehurst,GA,31539,Jeff Davis,(912) 375-7781,31.85702899092084,-82.60722698756408,3898,111333,Critical Access Hospitals,Government - Hospital District or Authority,Yes,NA,Not Available
CMS,Stephens County Hospital,163 Hospital Drive,Toccoa,GA,30577,Stephens,(706) 282-4250,34.59290699800459,-83.34799000230994,3899,110032,Acute Care Hospitals,Government - Hospital District or Authority,Yes,NA,2
CMS,Appling Healthcare,163 E Tollison Street,Baxley,GA,31513,Appling,(912) 367-9841,31.76994633965306,-82.35007170688498,3900,110071,Acute Care Hospitals,Government - Hospital District or Authority,Yes,NA,Not Available
CMS,Mountain Lakes Medical Center,162 Legacy Point,Clayton,GA,30525,Rabun,(706) 782-3100,34.89201110537865,-83.39320642994656,3914,111336,Critical Access Hospitals,Proprietary,Yes,NA,Not Available
CMS,Houston Healthcare,1601 Watson Boulevard,Warner Robins,GA,31093,Houston,(478) 922-4281,32.6171000125642,-83.63016501206033,3932,110069,Acute Care Hospitals,Voluntary non-profit - Private,Yes,Y,2
CMS,Ed Fraser Memorial Hospital,159 N 3Rd St,Macclenny,FL,32063,Baker,(904) 259-3151,30.285999407116183,-82.11940751486414,3991,100134,Acute Care Hospitals,Voluntary non-profit - Private,Yes,NA,Not Available
CMS,Cherokee Medical Center,1530 N Limestone St,Gaffney,SC,29340,Cherokee,(864) 487-4271,35.089833994864335,-81.63445297711608,4023,420043,Acute Care Hospitals,Government - Hospital District or Authority,Yes,NA,2
CMS,Wellstar West Georgia Medical Center,1514 Vernon Road,Lagrange,GA,30240,Troup,(706) 882-1411,33.0319310877821,-85.05812682420333,4054,110016,Acute Care Hospitals,Voluntary non-profit - Private,Yes,Y,2
CMS,Novant Health Matthews Medical Center,1500 Matthews Twnshp Prkwy Box 3310,Matthews,NC,28106,Mecklenburg,(704) 384-6500,35.120087678101584,-80.71392403946312,4101,340171,Acute Care Hospitals,Voluntary non-profit - Other,Yes,Y,4
CMS,Memorial Hospital And Manor,1500 E Shotwell Street,Bainbridge,GA,39819,Decatur,(229) 246-3500,30.902751996915118,-84.5524519706906,4106,110132,Acute Care Hospitals,Government - Hospital District or Authority,Yes,Y,Not Available
CMS,East Georgia Regional Medical Center,1499 Fair Road,Statesboro,GA,30458,Bulloch,(912) 486-1500,32.41440899814475,-81.77025598512728,4137,110075,Acute Care Hospitals,Proprietary,Yes,Y,3
CMS,Bleckley Memorial Hospital,145 Peacock Street,Cochran,GA,31014,Bleckley,(478) 934-6211,32.384658019609375,-83.3466889633008,4164,111302,Critical Access Hospitals,Government - Hospital District or Authority,Yes,NA,Not Available
CMS,Piedmont Rockdale Hospital,"1412 Milstead Avenue, Ne",Conyers,GA,30012,Rockdale,(770) 918-3000,33.680790012223056,-84.00191901403335,4200,110091,Acute Care Hospitals,Proprietary,No,Y,2
CMS,Prisma Health Greer Memorial Hospital,1413 John B White Sr Blvd Suite D,Spartanburg,SC,29306,Spartanburg,(864) 848-8200,34.92570074024265,-81.96729089198588,4204,420033,Acute Care Hospitals,Voluntary non-profit - Private,Yes,Y,5
CMS,Emory University Hospital,"1364 Clifton Road, Ne",Atlanta,GA,30322,De Kalb,(404) 686-8500,33.7923160954343,-84.32197603590892,4298,110010,Acute Care Hospitals,Voluntary non-profit - Private,Yes,NA,4
CMS,Northwest Florida Community Hospital,1360 Brickyard Rd,Chipley,FL,32428,Washington,(850) 638-1610,30.765715674803424,-85.54287667632232,4300,101308,Critical Access Hospitals,Voluntary non-profit - Private,Yes,NA,1
CMS,Piedmont Augusta Hospital,1350 Walton Way,Augusta,GA,30901,Richmond,(706) 722-9011,33.47060683308851,-81.98266078801943,4307,110028,Acute Care Hospitals,Government - Hospital District or Authority,Yes,Y,2
CMS,Baptist Medical Center  Beaches,1350 13Th Ave S,Jacksonville Beach,FL,32250,Duval,(904) 247-2900,30.273992414798823,-81.39857993536133,4319,100117,Acute Care Hospitals,Voluntary non-profit - Private,Yes,Y,3
CMS,Troy Regional Medical Center,1330 Highway 231 South,Troy,AL,36081,Pike,(334) 670-5000,31.781389020608877,-85.9448340279158,4329,010126,Acute Care Hospitals,Government - Federal,Yes,NA,Not Available
CMS,Self Regional Healthcare,1325 Spring Street,Greenwood,SC,29646,Greenwood,(864) 227-4111,34.17524413852422,-82.15671067238317,4335,420071,Acute Care Hospitals,Voluntary non-profit - Private,Yes,Y,3
CMS,Kershawhealth,1315 Roberts Street,Camden,SC,29020,Kershaw,(803) 432-4311,34.25296491681173,-80.59037361354947,4357,420048,Acute Care Hospitals,Proprietary,Yes,Y,3
CMS,Tallahassee Memorial Healthcare,1300 Miccosukee Rd,Tallahassee,FL,32308,Leon,(850) 431-1155,30.45666643940462,-84.26169213097748,4423,100135,Acute Care Hospitals,Voluntary non-profit - Private,Yes,Y,2
CMS,Piedmont Mountainside Hospital Inc,1266 Highway 515 South,Jasper,GA,30143,Pickens,(706) 692-2441,34.446086774131004,-84.44715372492547,4456,110225,Acute Care Hospitals,Voluntary non-profit - Other,No,Y,4
CMS,Dale Medical Center,126 Hospital Ave,Ozark,AL,36360,Dale,(334) 774-2601,31.451761164126875,-85.63206808861901,4466,010021,Acute Care Hospitals,Government - Hospital District or Authority,Yes,NA,3
CMS,Phoebe Sumter Medical Center,126 Highway 280 W,Americus,GA,31719,Sumter,(229) 931-1280,32.06696896922719,-84.25596812976744,4469,110044,Acute Care Hospitals,Government - Hospital District or Authority,Yes,Y,1
CMS,Piedmont Fayette Hospital,1255 Highway 54 West,Fayetteville,GA,30214,Fayette,(770) 719-7000,33.4524240127763,-84.51187098646399,4472,110215,Acute Care Hospitals,Voluntary non-profit - Private,Yes,Y,3
CMS,Baptist Medical Center - Nassau,1250 S 18Th St,Fernandina Beach,FL,32034,Nassau,(904) 321-3500,30.65308846131882,-81.44920151707936,4484,100140,Acute Care Hospitals,Voluntary non-profit - Private,Yes,NA,5
CMS,Angel Medical Center,124 Center Court PO Box 1209,Franklin,NC,28734,Macon,(828) 524-8411,35.14988450315547,-83.37031592099937,4492,341326,Critical Access Hospitals,Voluntary non-profit - Private,Yes,NA,2
CMS,St Mary's Hospital,1230 Baxter Street,Athens,GA,30606,Clarke,(706) 389-3000,33.94703039631989,-83.40519439620917,4500,110006,Acute Care Hospitals,Voluntary non-profit - Private,Yes,Y,1
CMS,Cannon Memorial Hospital,123 W G Acker Drive,Pickens,SC,29671,Pickens,(864) 878-4791,34.874274453917586,-82.707175232213,4501,420011,Acute Care Hospitals,Voluntary non-profit - Private,Yes,NA,Not Available
CMS,Sgmc Berrien Campus,1221 E Mcpherson Avenue,Nashville,GA,31639,Berrien,(229) 543-7100,31.202938459206756,-83.23869886997272,4521,110234,Acute Care Hospitals,Government - Hospital District or Authority,Yes,NA,Not Available
CMS,Wiregrass Medical Center,1200 W Maple Avenue,Geneva,AL,36340,Geneva,(334) 684-3655,31.048783693207554,-85.89259566104438,4596,010062,Acute Care Hospitals,Government - Hospital District or Authority,Yes,NA,Not Available
CMS,Wiregrass Medical Center,1200 W Maple Avenue,Geneva,AL,36340,Geneva,(334) 684-3655,31.048783693207554,-85.89259566104438,4598,011309,Critical Access Hospitals,Government - Hospital District or Authority,Yes,NA,Not Available
CMS,Northside Hospital Forsyth,1200 Northside Forsyth Drive,Cumming,GA,30041,Forsyth,(770) 844-3200,34.1787538508062,-84.14020122221007,4607,110005,Acute Care Hospitals,Voluntary non-profit - Private,Yes,Y,4
CMS,Hamilton Medical Center,1200 Memorial Drive,Dalton,GA,30720,Whitfield,(706) 272-6105,34.7896409944248,-84.98398201774418,4612,110001,Acute Care Hospitals,Voluntary non-profit - Private,No,Y,2
CMS,Wills Memorial Hospital,120 Gordon Street,Washington,GA,30673,Wilkes,(706) 678-9212,33.72841439414489,-82.74226120837197,4628,111325,Critical Access Hospitals,Government - Hospital District or Authority,Yes,NA,Not Available
CMS,Piedmont Athens Regional Medical Center,1199 Prince Avenue,Athens,GA,30606,Clarke,(706) 475-7000,33.96118072484204,-83.398321570125,4635,110074,Acute Care Hospitals,Voluntary non-profit - Other,No,Y,4
CMS,Lifebrite Community Hospital Of Early,11740 Columbia Street,Blakely,GA,39823,Early,(229) 723-4241,31.373806992181677,-84.9457209767562,4656,111314,Critical Access Hospitals,Voluntary non-profit - Private,Yes,NA,Not Available
CMS,St Joseph's Hospital - Savannah,11705 Mercy Boulevard,Savannah,GA,31419,Chatham,(912) 819-4100,31.985516693367053,-81.15521137692706,4660,110043,Acute Care Hospitals,Voluntary non-profit - Private,Yes,NA,2
CMS,Emanuel Medical Center,117 Kite Road,Swainsboro,GA,30401,Emanuel,(478) 289-1304,32.5925800123694,-82.34749603214951,4665,110109,Acute Care Hospitals,Government - Hospital District or Authority,Yes,NA,4
CMS,Sgmc Health Lanier,116 West Thigpen Avenue,Lakeland,GA,31635,Lanier,(229) 482-8402,31.04203311758619,-83.08620623477441,4673,111326,Critical Access Hospitals,Government - Hospital District or Authority,Yes,NA,Not Available
CMS,Grady General Hospital,"1155 5Th Street, Se",Cairo,GA,39828,Grady,(229) 377-0251,30.863970439067515,-84.1991893684296,4681,110121,Acute Care Hospitals,Voluntary non-profit - Private,No,Y,Not Available
CMS,Piedmont Henry Hospital,1133 Eagle's Landing Parkway,Stockbridge,GA,30281,Henry,(678) 604-1000,33.511367986904034,-84.22755196852327,4717,110191,Acute Care Hospitals,Government - Hospital District or Authority,No,Y,2
CMS,Houston Healthcare,1120 Morningside Dr,Perry,GA,31069,Houston,(478) 987-3600,32.45960598006057,-83.70971698482712,4734,110153,Acute Care Hospitals,Voluntary non-profit - Private,Yes,NA,5
CMS,"Wellstar Mcg Health, Affiliated With Med Col",1120 15Th Street,Augusta,GA,30912,Richmond,(706) 721-6569,33.47091826323914,-81.98972991755275,4737,110034,Acute Care Hospitals,Voluntary non-profit - Other,Yes,Y,1
CMS,Starr Regional Medical Center Athens,1114 W Madison Ave,Athens,TN,37371,Mc Minn,(423) 745-1411,35.44072632005541,-84.60760380399715,4748,440068,Acute Care Hospitals,Proprietary,Yes,Y,3
CMS,Southeast Health Medical Center,1108 Ross Clark Circle,Dothan,AL,36301,Houston,(334) 793-8701,31.216248460530416,-85.36317386904709,4797,010001,Acute Care Hospitals,Government - Hospital District or Authority,Yes,Y,4
CMS,"Coffee Regional Medical Center, Inc",1101 Ocilla Road,Douglas,GA,31642,Atkinson,(912) 384-1900,31.51108689221296,-82.86475568173712,4814,110089,Acute Care Hospitals,Government - Hospital District or Authority,Yes,Y,2
CMS,Chatuge Regional Hospital,110 S Main Street,Hiawassee,GA,30546,Towns,(706) 896-2222,34.94655399377209,-83.75387502997242,4864,111324,Critical Access Hospitals,Government - Hospital District or Authority,Yes,NA,Not Available
CMS,Southern Regional Medical Center,"11 Upper Riverdale Road, Sw",Riverdale,GA,30274,Clayton,(770) 991-8160,33.58060799739087,-84.38824998441001,4879,110165,Acute Care Hospitals,Voluntary non-profit - Private,Yes,NA,1
CMS,Novant Health Ballantyne Medical Center,10905 Providence Road W,Charlotte,NC,28277,Mecklenburg,(704) 384-4000,35.03948821917844,-80.84261768509438,4883,340195,Acute Care Hospitals,Voluntary non-profit - Private,Yes,Y,Not Available
CMS,Jefferson Hospital,1067 Peachtree St,Louisville,GA,30434,Jefferson,(478) 625-7000,33.00993797980285,-82.4056895744828,4902,110100,Acute Care Hospitals,Government - Hospital District or Authority,Yes,NA,Not Available
CMS,Atrium Health Pineville,10628 Park Rd,Charlotte,NC,28210,Mecklenburg,(704) 379-5000,35.09165873486807,-80.87162166882618,4911,340098,Acute Care Hospitals,Government - Hospital District or Authority,Yes,Y,3
CMS,Clinch Memorial Hospital,1050 Valdosta Highway,Homerville,GA,31634,Clinch,(912) 487-5211,31.034123995673085,-82.76435397651592,4928,111308,Critical Access Hospitals,Government - Hospital District or Authority,Yes,NA,Not Available
CMS,Wellstar Sylvan Grove Medical Center,1050 Mcdonough Road,Jackson,GA,30233,Butts,(770) 775-7861,33.303779551297936,-83.97778282116315,4930,111319,Critical Access Hospitals,Government - Hospital District or Authority,No,NA,Not Available
CMS,Adventhealth Gordon,1035 Red Bud Road,Calhoun,GA,30701,Gordon,(706) 629-2895,34.510211015119694,-84.92629801151811,4954,110023,Acute Care Hospitals,Voluntary non-profit - Church,No,Y,3
CMS,Tanner Medical Center-east Alabama,1032 Main Street South,Wedowee,AL,36278,Randolph,(256) 357-2111,33.297074993187366,-85.48065462382603,4957,011306,Critical Access Hospitals,Government - Hospital District or Authority,Yes,NA,Not Available
CMS,Bullock County Hospital,102 West Conecuh Avenue,Union Springs,AL,36089,Bullock,(334) 738-2140,32.146041999995774,-85.71611401924022,4986,010110,Acute Care Hospitals,Proprietary,Yes,NA,Not Available
CMS,Donalsonville Hospital Inc,102 Hospital Cir,Donalsonville,GA,39845,Seminole,(229) 524-5217,31.05114676144534,-84.88064103030324,4990,110194,Acute Care Hospitals,Voluntary non-profit - Private,Yes,NA,Not Available
CMS,St Lukes Hospital,101 Hospital Drive,Columbus,NC,28722,Polk,(828) 894-3311,35.23976545524733,-82.21257404505658,5050,341322,Critical Access Hospitals,Voluntary non-profit - Private,Yes,NA,Not Available
CMS,Crenshaw Community Hospital,101 Hospital Circle,Luverne,AL,36049,Crenshaw,(334) 335-3374,31.69360002559704,-86.26504720483554,5053,010008,Acute Care Hospitals,Proprietary,Yes,NA,Not Available
CMS,Crenshaw Community Hospital,101 Hospital Circle,Luverne,AL,36049,Crenshaw,(334) 335-3374,31.69360002559704,-86.26504720483554,5054,011308,Critical Access Hospitals,Government - Hospital District or Authority,Yes,NA,Not Available
CMS,Spartanburg Medical Center,101 E Wood St,Spartanburg,SC,29303,Spartanburg,(864) 560-6554,34.96753662111668,-81.93943983932739,5060,420007,Acute Care Hospitals,Government - Hospital District or Authority,Yes,Y,2
CMS,Gadsden Regional Medical Center,1007 Goodyear Avenue,Gadsden,AL,35903,Etowah,(256) 494-4000,34.00798837375631,-85.96590244444634,5073,010040,Acute Care Hospitals,Proprietary,Yes,Y,1
CMS,Novant Health Huntersville Medical Center,10030 Gilead Road,Huntersville,NC,28078,Mecklenburg,(704) 316-4000,35.4063509199383,-80.86005564843906,5083,340183,Acute Care Hospitals,Voluntary non-profit - Private,Yes,Y,4
CMS,Coastal Carolina Hospital,1000 Medical Center Drive,Hardeeville,SC,29927,Jasper,(843) 784-8000,32.31509983149458,-81.05386830017014,5149,420101,Acute Care Hospitals,Proprietary,Yes,Y,4
CMS,Northside Hospital Gwinnett,1000 Medical Center Boulevard,Lawrenceville,GA,30045,Gwinnett,(678) 312-4310,33.96385761132394,-84.01750331906061,5156,110087,Acute Care Hospitals,Government - Hospital District or Authority,Yes,Y,3
CMS,Northside Hospital,"1000 Johnson Ferry Road, Ne",Atlanta,GA,30342,Fulton,(404) 851-8000,33.90846806774951,-84.35398878744601,5161,110161,Acute Care Hospitals,Voluntary non-profit - Private,Yes,Y,3
CMS,Carolinas Medical Center/behav Health,1000 Blythe Blvd,Charlotte,NC,28203,Mecklenburg,(704) 355-2000,35.203976237531855,-80.8390857187047,5177,340113,Acute Care Hospitals,Government - Hospital District or Authority,Yes,Y,3
CMS,Florida State Hospital Unit 31 Med,100 N Main St,Chattahoochee,FL,32324,Gadsden,(850) 663-7536,30.70717202078629,-84.84290301991471,5207,100298,Acute Care Hospitals,Government - State,No,NA,Not Available
CMS,Adventhealth Hendersonville,100 Hospital Drive,Hendersonville,NC,28792,Henderson,(828) 684-8501,35.39005180610623,-82.48817127319137,5239,340023,Acute Care Hospitals,Voluntary non-profit - Private,Yes,Y,4
CMS,Chi Memorial Hospital- Georgia,100 Gross Crescent Circle,Fort Oglethorpe,GA,30742,Catoosa,(770) 874-5400,34.946771797582834,-85.26371621773103,5250,110236,Acute Care Hospitals,Voluntary non-profit - Private,Yes,NA,Not Available
CMS,Piedmont Columbus Regional Northside,100 Frist Court,Columbus,GA,31909,Muscogee,(706) 494-2101,32.534557460817496,-84.95113509961739,5253,110200,Acute Care Hospitals,Proprietary,No,NA,5
CMS,Ascension St Vincent's Riverside,1 Shircliff Way,Jacksonville,FL,32204,Duval,(904) 308-7300,30.307419737899494,-81.68993866121313,5300,100040,Acute Care Hospitals,Voluntary non-profit - Private,Yes,NA,2
CMS,Musc Health Chester Medical Center,1 Medical Park Drive,Chester,SC,29706,Chester,(803) 581-3151,34.68436898417989,-81.18299797276896,5306,420019,Acute Care Hospitals,Proprietary,Yes,NA,Not Available
