path,file,ext,URL,Link
data/ACSCtyData_2022ACS.csv,ACSCtyData_2022ACS.csv,csv,https://github.com/communitymaplab/geog4300_datascience/blob/main/data/ACSCtyData_2022ACS.csv,<a href='https://github.com/communitymaplab/geog4300_datascience/blob/main/data/ACSCtyData_2022ACS.csv'>ACSCtyData_2022ACS.csv</a>
data/ACSCtyData_2022ACS_simplify.gpkg,ACSCtyData_2022ACS_simplify.gpkg,gpkg,https://github.com/communitymaplab/geog4300_datascience/blob/main/data/ACSCtyData_2022ACS_simplify.gpkg,<a href='https://github.com/communitymaplab/geog4300_datascience/blob/main/data/ACSCtyData_2022ACS_simplify.gpkg'>ACSCtyData_2022ACS_simplify.gpkg</a>
data/acsdata_cty_westreg.gpkg,acsdata_cty_westreg.gpkg,gpkg,https://github.com/communitymaplab/geog4300_datascience/blob/main/data/acsdata_cty_westreg.gpkg,<a href='https://github.com/communitymaplab/geog4300_datascience/blob/main/data/acsdata_cty_westreg.gpkg'>acsdata_cty_westreg.gpkg</a>
data/archive/ACSCtyData_2014ACS.csv,ACSCtyData_2014ACS.csv,csv,https://github.com/communitymaplab/geog4300_datascience/blob/main/data/archive/ACSCtyData_2014ACS.csv,<a href='https://github.com/communitymaplab/geog4300_datascience/blob/main/data/archive/ACSCtyData_2014ACS.csv'>ACSCtyData_2014ACS.csv</a>
data/archive/ACSCtyData_2019ACS.csv,ACSCtyData_2019ACS.csv,csv,https://github.com/communitymaplab/geog4300_datascience/blob/main/data/archive/ACSCtyData_2019ACS.csv,<a href='https://github.com/communitymaplab/geog4300_datascience/blob/main/data/archive/ACSCtyData_2019ACS.csv'>ACSCtyData_2019ACS.csv</a>
data/archive/ACSCtyData_2019ACS_simplify.gpkg,ACSCtyData_2019ACS_simplify.gpkg,gpkg,https://github.com/communitymaplab/geog4300_datascience/blob/main/data/archive/ACSCtyData_2019ACS_simplify.gpkg,<a href='https://github.com/communitymaplab/geog4300_datascience/blob/main/data/archive/ACSCtyData_2019ACS_simplify.gpkg'>ACSCtyData_2019ACS_simplify.gpkg</a>
data/archive/airbnb_asheville/asheville_airbnb_metadata.txt,asheville_airbnb_metadata.txt,txt,https://github.com/communitymaplab/geog4300_datascience/blob/main/data/archive/airbnb_asheville/asheville_airbnb_metadata.txt,<a href='https://github.com/communitymaplab/geog4300_datascience/blob/main/data/archive/airbnb_asheville/asheville_airbnb_metadata.txt'>asheville_airbnb_metadata.txt</a>
data/archive/airbnb_asheville/calendar.csv,calendar.csv,csv,https://github.com/communitymaplab/geog4300_datascience/blob/main/data/archive/airbnb_asheville/calendar.csv,<a href='https://github.com/communitymaplab/geog4300_datascience/blob/main/data/archive/airbnb_asheville/calendar.csv'>calendar.csv</a>
data/archive/airbnb_asheville/listings.csv,listings.csv,csv,https://github.com/communitymaplab/geog4300_datascience/blob/main/data/archive/airbnb_asheville/listings.csv,<a href='https://github.com/communitymaplab/geog4300_datascience/blob/main/data/archive/airbnb_asheville/listings.csv'>listings.csv</a>
data/archive/airbnb_asheville/listings1.csv,listings1.csv,csv,https://github.com/communitymaplab/geog4300_datascience/blob/main/data/archive/airbnb_asheville/listings1.csv,<a href='https://github.com/communitymaplab/geog4300_datascience/blob/main/data/archive/airbnb_asheville/listings1.csv'>listings1.csv</a>
data/archive/airbnb_asheville/neighbourhoods.csv,neighbourhoods.csv,csv,https://github.com/communitymaplab/geog4300_datascience/blob/main/data/archive/airbnb_asheville/neighbourhoods.csv,<a href='https://github.com/communitymaplab/geog4300_datascience/blob/main/data/archive/airbnb_asheville/neighbourhoods.csv'>neighbourhoods.csv</a>
data/archive/airbnb_asheville/neighbourhoods.geojson,neighbourhoods.geojson,geojson,https://github.com/communitymaplab/geog4300_datascience/blob/main/data/archive/airbnb_asheville/neighbourhoods.geojson,<a href='https://github.com/communitymaplab/geog4300_datascience/blob/main/data/archive/airbnb_asheville/neighbourhoods.geojson'>neighbourhoods.geojson</a>
data/archive/airbnb_asheville/reviews.csv,reviews.csv,csv,https://github.com/communitymaplab/geog4300_datascience/blob/main/data/archive/airbnb_asheville/reviews.csv,<a href='https://github.com/communitymaplab/geog4300_datascience/blob/main/data/archive/airbnb_asheville/reviews.csv'>reviews.csv</a>
data/archive/rem_songs.csv,rem_songs.csv,csv,https://github.com/communitymaplab/geog4300_datascience/blob/main/data/archive/rem_songs.csv,<a href='https://github.com/communitymaplab/geog4300_datascience/blob/main/data/archive/rem_songs.csv'>rem_songs.csv</a>
data/athens1958_directorydata.csv,athens1958_directorydata.csv,csv,https://github.com/communitymaplab/geog4300_datascience/blob/main/data/athens1958_directorydata.csv,<a href='https://github.com/communitymaplab/geog4300_datascience/blob/main/data/athens1958_directorydata.csv'>athens1958_directorydata.csv</a>
data/atl_corecty.gpkg,atl_corecty.gpkg,gpkg,https://github.com/communitymaplab/geog4300_datascience/blob/main/data/atl_corecty.gpkg,<a href='https://github.com/communitymaplab/geog4300_datascience/blob/main/data/atl_corecty.gpkg'>atl_corecty.gpkg</a>
data/atl_pumas.gpkg,atl_pumas.gpkg,gpkg,https://github.com/communitymaplab/geog4300_datascience/blob/main/data/atl_pumas.gpkg,<a href='https://github.com/communitymaplab/geog4300_datascience/blob/main/data/atl_pumas.gpkg'>atl_pumas.gpkg</a>
data/atl_snapretailers.gpkg,atl_snapretailers.gpkg,gpkg,https://github.com/communitymaplab/geog4300_datascience/blob/main/data/atl_snapretailers.gpkg,<a href='https://github.com/communitymaplab/geog4300_datascience/blob/main/data/atl_snapretailers.gpkg'>atl_snapretailers.gpkg</a>
data/atl_tracts.gpkg,atl_tracts.gpkg,gpkg,https://github.com/communitymaplab/geog4300_datascience/blob/main/data/atl_tracts.gpkg,<a href='https://github.com/communitymaplab/geog4300_datascience/blob/main/data/atl_tracts.gpkg'>atl_tracts.gpkg</a>
data/aus_climate_inat.gpkg,aus_climate_inat.gpkg,gpkg,https://github.com/communitymaplab/geog4300_datascience/blob/main/data/aus_climate_inat.gpkg,<a href='https://github.com/communitymaplab/geog4300_datascience/blob/main/data/aus_climate_inat.gpkg'>aus_climate_inat.gpkg</a>
data/brandlocations.csv,brandlocations.csv,csv,https://github.com/communitymaplab/geog4300_datascience/blob/main/data/brandlocations.csv,<a href='https://github.com/communitymaplab/geog4300_datascience/blob/main/data/brandlocations.csv'>brandlocations.csv</a>
data/CDC SVI 2025/SVI2022Documentation_ZCTA.pdf,SVI2022Documentation_ZCTA.pdf,pdf,https://github.com/communitymaplab/geog4300_datascience/blob/main/data/CDC SVI 2025/SVI2022Documentation_ZCTA.pdf,<a href='https://github.com/communitymaplab/geog4300_datascience/blob/main/data/CDC SVI 2025/SVI2022Documentation_ZCTA.pdf'>SVI2022Documentation_ZCTA.pdf</a>
data/CDC SVI 2025/SVI_2022_US_county.csv,SVI_2022_US_county.csv,csv,https://github.com/communitymaplab/geog4300_datascience/blob/main/data/CDC SVI 2025/SVI_2022_US_county.csv,<a href='https://github.com/communitymaplab/geog4300_datascience/blob/main/data/CDC SVI 2025/SVI_2022_US_county.csv'>SVI_2022_US_county.csv</a>
data/censusvars.csv,censusvars.csv,csv,https://github.com/communitymaplab/geog4300_datascience/blob/main/data/censusvars.csv,<a href='https://github.com/communitymaplab/geog4300_datascience/blob/main/data/censusvars.csv'>censusvars.csv</a>
data/census_pulse_2023/pulse2022_puf_52.csv,pulse2022_puf_52.csv,csv,https://github.com/communitymaplab/geog4300_datascience/blob/main/data/census_pulse_2023/pulse2022_puf_52.csv,<a href='https://github.com/communitymaplab/geog4300_datascience/blob/main/data/census_pulse_2023/pulse2022_puf_52.csv'>pulse2022_puf_52.csv</a>
data/census_pulse_2023/pulse2023_data.dictionary_CSV_63.xlsx,pulse2023_data.dictionary_CSV_63.xlsx,xlsx,https://github.com/communitymaplab/geog4300_datascience/blob/main/data/census_pulse_2023/pulse2023_data.dictionary_CSV_63.xlsx,<a href='https://github.com/communitymaplab/geog4300_datascience/blob/main/data/census_pulse_2023/pulse2023_data.dictionary_CSV_63.xlsx'>pulse2023_data.dictionary_CSV_63.xlsx</a>
data/census_pulse_2023/pulse2023_puf_53.csv,pulse2023_puf_53.csv,csv,https://github.com/communitymaplab/geog4300_datascience/blob/main/data/census_pulse_2023/pulse2023_puf_53.csv,<a href='https://github.com/communitymaplab/geog4300_datascience/blob/main/data/census_pulse_2023/pulse2023_puf_53.csv'>pulse2023_puf_53.csv</a>
data/census_pulse_2023/pulse2023_puf_54.csv,pulse2023_puf_54.csv,csv,https://github.com/communitymaplab/geog4300_datascience/blob/main/data/census_pulse_2023/pulse2023_puf_54.csv,<a href='https://github.com/communitymaplab/geog4300_datascience/blob/main/data/census_pulse_2023/pulse2023_puf_54.csv'>pulse2023_puf_54.csv</a>
data/census_pulse_2023/pulse2023_puf_55.csv,pulse2023_puf_55.csv,csv,https://github.com/communitymaplab/geog4300_datascience/blob/main/data/census_pulse_2023/pulse2023_puf_55.csv,<a href='https://github.com/communitymaplab/geog4300_datascience/blob/main/data/census_pulse_2023/pulse2023_puf_55.csv'>pulse2023_puf_55.csv</a>
data/census_pulse_2023/pulse2023_puf_56.csv,pulse2023_puf_56.csv,csv,https://github.com/communitymaplab/geog4300_datascience/blob/main/data/census_pulse_2023/pulse2023_puf_56.csv,<a href='https://github.com/communitymaplab/geog4300_datascience/blob/main/data/census_pulse_2023/pulse2023_puf_56.csv'>pulse2023_puf_56.csv</a>
data/census_pulse_2023/pulse2023_puf_57.csv,pulse2023_puf_57.csv,csv,https://github.com/communitymaplab/geog4300_datascience/blob/main/data/census_pulse_2023/pulse2023_puf_57.csv,<a href='https://github.com/communitymaplab/geog4300_datascience/blob/main/data/census_pulse_2023/pulse2023_puf_57.csv'>pulse2023_puf_57.csv</a>
data/census_pulse_2023/pulse2023_puf_58.csv,pulse2023_puf_58.csv,csv,https://github.com/communitymaplab/geog4300_datascience/blob/main/data/census_pulse_2023/pulse2023_puf_58.csv,<a href='https://github.com/communitymaplab/geog4300_datascience/blob/main/data/census_pulse_2023/pulse2023_puf_58.csv'>pulse2023_puf_58.csv</a>
data/census_pulse_2023/pulse2023_puf_59.csv,pulse2023_puf_59.csv,csv,https://github.com/communitymaplab/geog4300_datascience/blob/main/data/census_pulse_2023/pulse2023_puf_59.csv,<a href='https://github.com/communitymaplab/geog4300_datascience/blob/main/data/census_pulse_2023/pulse2023_puf_59.csv'>pulse2023_puf_59.csv</a>
data/census_pulse_2023/pulse2023_puf_60.csv,pulse2023_puf_60.csv,csv,https://github.com/communitymaplab/geog4300_datascience/blob/main/data/census_pulse_2023/pulse2023_puf_60.csv,<a href='https://github.com/communitymaplab/geog4300_datascience/blob/main/data/census_pulse_2023/pulse2023_puf_60.csv'>pulse2023_puf_60.csv</a>
data/census_pulse_2023/pulse2023_puf_61.csv,pulse2023_puf_61.csv,csv,https://github.com/communitymaplab/geog4300_datascience/blob/main/data/census_pulse_2023/pulse2023_puf_61.csv,<a href='https://github.com/communitymaplab/geog4300_datascience/blob/main/data/census_pulse_2023/pulse2023_puf_61.csv'>pulse2023_puf_61.csv</a>
data/census_pulse_2023/pulse2023_puf_62.csv,pulse2023_puf_62.csv,csv,https://github.com/communitymaplab/geog4300_datascience/blob/main/data/census_pulse_2023/pulse2023_puf_62.csv,<a href='https://github.com/communitymaplab/geog4300_datascience/blob/main/data/census_pulse_2023/pulse2023_puf_62.csv'>pulse2023_puf_62.csv</a>
data/census_pulse_2023/pulse2023_puf_63.csv,pulse2023_puf_63.csv,csv,https://github.com/communitymaplab/geog4300_datascience/blob/main/data/census_pulse_2023/pulse2023_puf_63.csv,<a href='https://github.com/communitymaplab/geog4300_datascience/blob/main/data/census_pulse_2023/pulse2023_puf_63.csv'>pulse2023_puf_63.csv</a>
data/charlotte_restaurants_v2.csv,charlotte_restaurants_v2.csv,csv,https://github.com/communitymaplab/geog4300_datascience/blob/main/data/charlotte_restaurants_v2.csv,<a href='https://github.com/communitymaplab/geog4300_datascience/blob/main/data/charlotte_restaurants_v2.csv'>charlotte_restaurants_v2.csv</a>
data/charlotte_tractpop.gpkg,charlotte_tractpop.gpkg,gpkg,https://github.com/communitymaplab/geog4300_datascience/blob/main/data/charlotte_tractpop.gpkg,<a href='https://github.com/communitymaplab/geog4300_datascience/blob/main/data/charlotte_tractpop.gpkg'>charlotte_tractpop.gpkg</a>
data/climate_vulnerability_index/CVI Indicators Framework.pptx,CVI Indicators Framework.pptx,pptx,https://github.com/communitymaplab/geog4300_datascience/blob/main/data/climate_vulnerability_index/CVI Indicators Framework.pptx,<a href='https://github.com/communitymaplab/geog4300_datascience/blob/main/data/climate_vulnerability_index/CVI Indicators Framework.pptx'>CVI Indicators Framework.pptx</a>
data/climate_vulnerability_index/CVI-county-pct-allinone.csv,CVI-county-pct-allinone.csv,csv,https://github.com/communitymaplab/geog4300_datascience/blob/main/data/climate_vulnerability_index/CVI-county-pct-allinone.csv,<a href='https://github.com/communitymaplab/geog4300_datascience/blob/main/data/climate_vulnerability_index/CVI-county-pct-allinone.csv'>CVI-county-pct-allinone.csv</a>
data/climate_vulnerability_index/CVI-pct-allinone.csv,CVI-pct-allinone.csv,csv,https://github.com/communitymaplab/geog4300_datascience/blob/main/data/climate_vulnerability_index/CVI-pct-allinone.csv,<a href='https://github.com/communitymaplab/geog4300_datascience/blob/main/data/climate_vulnerability_index/CVI-pct-allinone.csv'>CVI-pct-allinone.csv</a>
data/climate_vulnerability_index/CVI-pct-comb.csv,CVI-pct-comb.csv,csv,https://github.com/communitymaplab/geog4300_datascience/blob/main/data/climate_vulnerability_index/CVI-pct-comb.csv,<a href='https://github.com/communitymaplab/geog4300_datascience/blob/main/data/climate_vulnerability_index/CVI-pct-comb.csv'>CVI-pct-comb.csv</a>
data/climate_vulnerability_index/CVI_data_current.csv,CVI_data_current.csv,csv,https://github.com/communitymaplab/geog4300_datascience/blob/main/data/climate_vulnerability_index/CVI_data_current.csv,<a href='https://github.com/communitymaplab/geog4300_datascience/blob/main/data/climate_vulnerability_index/CVI_data_current.csv'>CVI_data_current.csv</a>
data/climate_vulnerability_index/github info.txt,github info.txt,txt,https://github.com/communitymaplab/geog4300_datascience/blob/main/data/climate_vulnerability_index/github info.txt,<a href='https://github.com/communitymaplab/geog4300_datascience/blob/main/data/climate_vulnerability_index/github info.txt'>github info.txt</a>
data/climate_vulnerability_index/README.md,README.md,md,https://github.com/communitymaplab/geog4300_datascience/blob/main/data/climate_vulnerability_index/README.md,<a href='https://github.com/communitymaplab/geog4300_datascience/blob/main/data/climate_vulnerability_index/README.md'>README.md</a>
data/course_data.csv,course_data.csv,csv,https://github.com/communitymaplab/geog4300_datascience/blob/main/data/course_data.csv,<a href='https://github.com/communitymaplab/geog4300_datascience/blob/main/data/course_data.csv'>course_data.csv</a>
data/course_data_full.csv,course_data_full.csv,csv,https://github.com/communitymaplab/geog4300_datascience/blob/main/data/course_data_full.csv,<a href='https://github.com/communitymaplab/geog4300_datascience/blob/main/data/course_data_full.csv'>course_data_full.csv</a>
data/daymet_monthly_median_2010-2021.csv,daymet_monthly_median_2010-2021.csv,csv,https://github.com/communitymaplab/geog4300_datascience/blob/main/data/daymet_monthly_median_2010-2021.csv,<a href='https://github.com/communitymaplab/geog4300_datascience/blob/main/data/daymet_monthly_median_2010-2021.csv'>daymet_monthly_median_2010-2021.csv</a>
data/dem_ga_clip.tif,dem_ga_clip.tif,tif,https://github.com/communitymaplab/geog4300_datascience/blob/main/data/dem_ga_clip.tif,<a href='https://github.com/communitymaplab/geog4300_datascience/blob/main/data/dem_ga_clip.tif'>dem_ga_clip.tif</a>
data/dem_houston.zip,dem_houston.zip,zip,https://github.com/communitymaplab/geog4300_datascience/blob/main/data/dem_houston.zip,<a href='https://github.com/communitymaplab/geog4300_datascience/blob/main/data/dem_houston.zip'>dem_houston.zip</a>
data/DLSF_data.csv,DLSF_data.csv,csv,https://github.com/communitymaplab/geog4300_datascience/blob/main/data/DLSF_data.csv,<a href='https://github.com/communitymaplab/geog4300_datascience/blob/main/data/DLSF_data.csv'>DLSF_data.csv</a>
data/dollars.csv,dollars.csv,csv,https://github.com/communitymaplab/geog4300_datascience/blob/main/data/dollars.csv,<a href='https://github.com/communitymaplab/geog4300_datascience/blob/main/data/dollars.csv'>dollars.csv</a>
data/dollarstores_atlcore.gpkg,dollarstores_atlcore.gpkg,gpkg,https://github.com/communitymaplab/geog4300_datascience/blob/main/data/dollarstores_atlcore.gpkg,<a href='https://github.com/communitymaplab/geog4300_datascience/blob/main/data/dollarstores_atlcore.gpkg'>dollarstores_atlcore.gpkg</a>
data/elections0816_demog_pct.csv,elections0816_demog_pct.csv,csv,https://github.com/communitymaplab/geog4300_datascience/blob/main/data/elections0816_demog_pct.csv,<a href='https://github.com/communitymaplab/geog4300_datascience/blob/main/data/elections0816_demog_pct.csv'>elections0816_demog_pct.csv</a>
data/era5_temperature/temperature_2m_2023-07-01.tif,temperature_2m_2023-07-01.tif,tif,https://github.com/communitymaplab/geog4300_datascience/blob/main/data/era5_temperature/temperature_2m_2023-07-01.tif,<a href='https://github.com/communitymaplab/geog4300_datascience/blob/main/data/era5_temperature/temperature_2m_2023-07-01.tif'>temperature_2m_2023-07-01.tif</a>
data/era5_temperature/temperature_2m_2023-07-02.tif,temperature_2m_2023-07-02.tif,tif,https://github.com/communitymaplab/geog4300_datascience/blob/main/data/era5_temperature/temperature_2m_2023-07-02.tif,<a href='https://github.com/communitymaplab/geog4300_datascience/blob/main/data/era5_temperature/temperature_2m_2023-07-02.tif'>temperature_2m_2023-07-02.tif</a>
data/era5_temperature/temperature_2m_2023-07-03.tif,temperature_2m_2023-07-03.tif,tif,https://github.com/communitymaplab/geog4300_datascience/blob/main/data/era5_temperature/temperature_2m_2023-07-03.tif,<a href='https://github.com/communitymaplab/geog4300_datascience/blob/main/data/era5_temperature/temperature_2m_2023-07-03.tif'>temperature_2m_2023-07-03.tif</a>
data/era5_temperature/temperature_2m_2023-07-04.tif,temperature_2m_2023-07-04.tif,tif,https://github.com/communitymaplab/geog4300_datascience/blob/main/data/era5_temperature/temperature_2m_2023-07-04.tif,<a href='https://github.com/communitymaplab/geog4300_datascience/blob/main/data/era5_temperature/temperature_2m_2023-07-04.tif'>temperature_2m_2023-07-04.tif</a>
data/era5_temperature/temperature_2m_2023-07-05.tif,temperature_2m_2023-07-05.tif,tif,https://github.com/communitymaplab/geog4300_datascience/blob/main/data/era5_temperature/temperature_2m_2023-07-05.tif,<a href='https://github.com/communitymaplab/geog4300_datascience/blob/main/data/era5_temperature/temperature_2m_2023-07-05.tif'>temperature_2m_2023-07-05.tif</a>
data/era5_temperature/temperature_2m_2023-07-06.tif,temperature_2m_2023-07-06.tif,tif,https://github.com/communitymaplab/geog4300_datascience/blob/main/data/era5_temperature/temperature_2m_2023-07-06.tif,<a href='https://github.com/communitymaplab/geog4300_datascience/blob/main/data/era5_temperature/temperature_2m_2023-07-06.tif'>temperature_2m_2023-07-06.tif</a>
data/era5_temperature/temperature_2m_2023-07-07.tif,temperature_2m_2023-07-07.tif,tif,https://github.com/communitymaplab/geog4300_datascience/blob/main/data/era5_temperature/temperature_2m_2023-07-07.tif,<a href='https://github.com/communitymaplab/geog4300_datascience/blob/main/data/era5_temperature/temperature_2m_2023-07-07.tif'>temperature_2m_2023-07-07.tif</a>
data/era5_temperature/temperature_2m_2024-07-01.tif,temperature_2m_2024-07-01.tif,tif,https://github.com/communitymaplab/geog4300_datascience/blob/main/data/era5_temperature/temperature_2m_2024-07-01.tif,<a href='https://github.com/communitymaplab/geog4300_datascience/blob/main/data/era5_temperature/temperature_2m_2024-07-01.tif'>temperature_2m_2024-07-01.tif</a>
data/era5_temperature/temperature_2m_2024-07-02.tif,temperature_2m_2024-07-02.tif,tif,https://github.com/communitymaplab/geog4300_datascience/blob/main/data/era5_temperature/temperature_2m_2024-07-02.tif,<a href='https://github.com/communitymaplab/geog4300_datascience/blob/main/data/era5_temperature/temperature_2m_2024-07-02.tif'>temperature_2m_2024-07-02.tif</a>
data/era5_temperature/temperature_2m_2024-07-03.tif,temperature_2m_2024-07-03.tif,tif,https://github.com/communitymaplab/geog4300_datascience/blob/main/data/era5_temperature/temperature_2m_2024-07-03.tif,<a href='https://github.com/communitymaplab/geog4300_datascience/blob/main/data/era5_temperature/temperature_2m_2024-07-03.tif'>temperature_2m_2024-07-03.tif</a>
data/era5_temperature/temperature_2m_2024-07-04.tif,temperature_2m_2024-07-04.tif,tif,https://github.com/communitymaplab/geog4300_datascience/blob/main/data/era5_temperature/temperature_2m_2024-07-04.tif,<a href='https://github.com/communitymaplab/geog4300_datascience/blob/main/data/era5_temperature/temperature_2m_2024-07-04.tif'>temperature_2m_2024-07-04.tif</a>
data/era5_temperature/temperature_2m_2024-07-05.tif,temperature_2m_2024-07-05.tif,tif,https://github.com/communitymaplab/geog4300_datascience/blob/main/data/era5_temperature/temperature_2m_2024-07-05.tif,<a href='https://github.com/communitymaplab/geog4300_datascience/blob/main/data/era5_temperature/temperature_2m_2024-07-05.tif'>temperature_2m_2024-07-05.tif</a>
data/era5_temperature/temperature_2m_2024-07-06.tif,temperature_2m_2024-07-06.tif,tif,https://github.com/communitymaplab/geog4300_datascience/blob/main/data/era5_temperature/temperature_2m_2024-07-06.tif,<a href='https://github.com/communitymaplab/geog4300_datascience/blob/main/data/era5_temperature/temperature_2m_2024-07-06.tif'>temperature_2m_2024-07-06.tif</a>
data/era5_temperature/temperature_2m_2024-07-07.tif,temperature_2m_2024-07-07.tif,tif,https://github.com/communitymaplab/geog4300_datascience/blob/main/data/era5_temperature/temperature_2m_2024-07-07.tif,<a href='https://github.com/communitymaplab/geog4300_datascience/blob/main/data/era5_temperature/temperature_2m_2024-07-07.tif'>temperature_2m_2024-07-07.tif</a>
data/gatree_obs_inat.csv,gatree_obs_inat.csv,csv,https://github.com/communitymaplab/geog4300_datascience/blob/main/data/gatree_obs_inat.csv,<a href='https://github.com/communitymaplab/geog4300_datascience/blob/main/data/gatree_obs_inat.csv'>gatree_obs_inat.csv</a>
data/gischat_tweets_2021_09_15.csv,gischat_tweets_2021_09_15.csv,csv,https://github.com/communitymaplab/geog4300_datascience/blob/main/data/gischat_tweets_2021_09_15.csv,<a href='https://github.com/communitymaplab/geog4300_datascience/blob/main/data/gischat_tweets_2021_09_15.csv'>gischat_tweets_2021_09_15.csv</a>
data/gischat_tweets_words_2021_09_15.csv,gischat_tweets_words_2021_09_15.csv,csv,https://github.com/communitymaplab/geog4300_datascience/blob/main/data/gischat_tweets_words_2021_09_15.csv,<a href='https://github.com/communitymaplab/geog4300_datascience/blob/main/data/gischat_tweets_words_2021_09_15.csv'>gischat_tweets_words_2021_09_15.csv</a>
data/IPUMS_CPS_FoodSec.csv,IPUMS_CPS_FoodSec.csv,csv,https://github.com/communitymaplab/geog4300_datascience/blob/main/data/IPUMS_CPS_FoodSec.csv,<a href='https://github.com/communitymaplab/geog4300_datascience/blob/main/data/IPUMS_CPS_FoodSec.csv'>IPUMS_CPS_FoodSec.csv</a>
data/Midwest_Pollen_Data.csv,Midwest_Pollen_Data.csv,csv,https://github.com/communitymaplab/geog4300_datascience/blob/main/data/Midwest_Pollen_Data.csv,<a href='https://github.com/communitymaplab/geog4300_datascience/blob/main/data/Midwest_Pollen_Data.csv'>Midwest_Pollen_Data.csv</a>
data/ne_50m_admin_1_states_provinces_lakes/ne_50m_admin_1_states_provinces_lakes.shp,ne_50m_admin_1_states_provinces_lakes.shp,shp,https://github.com/communitymaplab/geog4300_datascience/blob/main/data/ne_50m_admin_1_states_provinces_lakes/ne_50m_admin_1_states_provinces_lakes.shp,<a href='https://github.com/communitymaplab/geog4300_datascience/blob/main/data/ne_50m_admin_1_states_provinces_lakes/ne_50m_admin_1_states_provinces_lakes.shp'>ne_50m_admin_1_states_provinces_lakes.shp</a>
data/ne_50m_admin_1_states_provinces_lakes/ne_50m_admin_1_states_provinces_lakes.VERSION.txt,ne_50m_admin_1_states_provinces_lakes.VERSION.txt,txt,https://github.com/communitymaplab/geog4300_datascience/blob/main/data/ne_50m_admin_1_states_provinces_lakes/ne_50m_admin_1_states_provinces_lakes.VERSION.txt,<a href='https://github.com/communitymaplab/geog4300_datascience/blob/main/data/ne_50m_admin_1_states_provinces_lakes/ne_50m_admin_1_states_provinces_lakes.VERSION.txt'>ne_50m_admin_1_states_provinces_lakes.VERSION.txt</a>
data/nlcd/nlcd2016_ga.tif,nlcd2016_ga.tif,tif,https://github.com/communitymaplab/geog4300_datascience/blob/main/data/nlcd/nlcd2016_ga.tif,<a href='https://github.com/communitymaplab/geog4300_datascience/blob/main/data/nlcd/nlcd2016_ga.tif'>nlcd2016_ga.tif</a>
data/nlcd/nlcd_houston19.tif,nlcd_houston19.tif,tif,https://github.com/communitymaplab/geog4300_datascience/blob/main/data/nlcd/nlcd_houston19.tif,<a href='https://github.com/communitymaplab/geog4300_datascience/blob/main/data/nlcd/nlcd_houston19.tif'>nlcd_houston19.tif</a>
data/nlcd/nlcd_houston21.tif,nlcd_houston21.tif,tif,https://github.com/communitymaplab/geog4300_datascience/blob/main/data/nlcd/nlcd_houston21.tif,<a href='https://github.com/communitymaplab/geog4300_datascience/blob/main/data/nlcd/nlcd_houston21.tif'>nlcd_houston21.tif</a>
data/noaa_stormevent_tornado_2025_05.csv,noaa_stormevent_tornado_2025_05.csv,csv,https://github.com/communitymaplab/geog4300_datascience/blob/main/data/noaa_stormevent_tornado_2025_05.csv,<a href='https://github.com/communitymaplab/geog4300_datascience/blob/main/data/noaa_stormevent_tornado_2025_05.csv'>noaa_stormevent_tornado_2025_05.csv</a>
data/precip_uswest_era5.csv,precip_uswest_era5.csv,csv,https://github.com/communitymaplab/geog4300_datascience/blob/main/data/precip_uswest_era5.csv,<a href='https://github.com/communitymaplab/geog4300_datascience/blob/main/data/precip_uswest_era5.csv'>precip_uswest_era5.csv</a>
data/pulse2023_data.dictionary_CSV.xlsx,pulse2023_data.dictionary_CSV.xlsx,xlsx,https://github.com/communitymaplab/geog4300_datascience/blob/main/data/pulse2023_data.dictionary_CSV.xlsx,<a href='https://github.com/communitymaplab/geog4300_datascience/blob/main/data/pulse2023_data.dictionary_CSV.xlsx'>pulse2023_data.dictionary_CSV.xlsx</a>
data/pulse_2023.csv,pulse_2023.csv,csv,https://github.com/communitymaplab/geog4300_datascience/blob/main/data/pulse_2023.csv,<a href='https://github.com/communitymaplab/geog4300_datascience/blob/main/data/pulse_2023.csv'>pulse_2023.csv</a>
data/states_albers.gpkg,states_albers.gpkg,gpkg,https://github.com/communitymaplab/geog4300_datascience/blob/main/data/states_albers.gpkg,<a href='https://github.com/communitymaplab/geog4300_datascience/blob/main/data/states_albers.gpkg'>states_albers.gpkg</a>
data/states_se.gpkg,states_se.gpkg,gpkg,https://github.com/communitymaplab/geog4300_datascience/blob/main/data/states_se.gpkg,<a href='https://github.com/communitymaplab/geog4300_datascience/blob/main/data/states_se.gpkg'>states_se.gpkg</a>
data/swift_beyonce_spotify.csv,swift_beyonce_spotify.csv,csv,https://github.com/communitymaplab/geog4300_datascience/blob/main/data/swift_beyonce_spotify.csv,<a href='https://github.com/communitymaplab/geog4300_datascience/blob/main/data/swift_beyonce_spotify.csv'>swift_beyonce_spotify.csv</a>
data/tornadopoints_SE.gpkg,tornadopoints_SE.gpkg,gpkg,https://github.com/communitymaplab/geog4300_datascience/blob/main/data/tornadopoints_SE.gpkg,<a href='https://github.com/communitymaplab/geog4300_datascience/blob/main/data/tornadopoints_SE.gpkg'>tornadopoints_SE.gpkg</a>
data/tornado_pointsSE.csv,tornado_pointsSE.csv,csv,https://github.com/communitymaplab/geog4300_datascience/blob/main/data/tornado_pointsSE.csv,<a href='https://github.com/communitymaplab/geog4300_datascience/blob/main/data/tornado_pointsSE.csv'>tornado_pointsSE.csv</a>
data/tornado_SE.gpkg,tornado_SE.gpkg,gpkg,https://github.com/communitymaplab/geog4300_datascience/blob/main/data/tornado_SE.gpkg,<a href='https://github.com/communitymaplab/geog4300_datascience/blob/main/data/tornado_SE.gpkg'>tornado_SE.gpkg</a>
data/usg_schools_geo.csv,usg_schools_geo.csv,csv,https://github.com/communitymaplab/geog4300_datascience/blob/main/data/usg_schools_geo.csv,<a href='https://github.com/communitymaplab/geog4300_datascience/blob/main/data/usg_schools_geo.csv'>usg_schools_geo.csv</a>
data/US_counties_albersusa.shp,US_counties_albersusa.shp,shp,https://github.com/communitymaplab/geog4300_datascience/blob/main/data/US_counties_albersusa.shp,<a href='https://github.com/communitymaplab/geog4300_datascience/blob/main/data/US_counties_albersusa.shp'>US_counties_albersusa.shp</a>
data/us_county_simplify_SE_2014pop.gpkg,us_county_simplify_SE_2014pop.gpkg,gpkg,https://github.com/communitymaplab/geog4300_datascience/blob/main/data/us_county_simplify_SE_2014pop.gpkg,<a href='https://github.com/communitymaplab/geog4300_datascience/blob/main/data/us_county_simplify_SE_2014pop.gpkg'>us_county_simplify_SE_2014pop.gpkg</a>
data/US_ua_2020_urban.gpkg,US_ua_2020_urban.gpkg,gpkg,https://github.com/communitymaplab/geog4300_datascience/blob/main/data/US_ua_2020_urban.gpkg,<a href='https://github.com/communitymaplab/geog4300_datascience/blob/main/data/US_ua_2020_urban.gpkg'>US_ua_2020_urban.gpkg</a>
data/wh_georgia_safegraph_bgareas.gpkg,wh_georgia_safegraph_bgareas.gpkg,gpkg,https://github.com/communitymaplab/geog4300_datascience/blob/main/data/wh_georgia_safegraph_bgareas.gpkg,<a href='https://github.com/communitymaplab/geog4300_datascience/blob/main/data/wh_georgia_safegraph_bgareas.gpkg'>wh_georgia_safegraph_bgareas.gpkg</a>
data/wh_georgia_safegraph_xy.csv,wh_georgia_safegraph_xy.csv,csv,https://github.com/communitymaplab/geog4300_datascience/blob/main/data/wh_georgia_safegraph_xy.csv,<a href='https://github.com/communitymaplab/geog4300_datascience/blob/main/data/wh_georgia_safegraph_xy.csv'>wh_georgia_safegraph_xy.csv</a>
data/wh_georgia_safegraph_xy_bg.csv,wh_georgia_safegraph_xy_bg.csv,csv,https://github.com/communitymaplab/geog4300_datascience/blob/main/data/wh_georgia_safegraph_xy_bg.csv,<a href='https://github.com/communitymaplab/geog4300_datascience/blob/main/data/wh_georgia_safegraph_xy_bg.csv'>wh_georgia_safegraph_xy_bg.csv</a>
data/wh_locations_coords.csv,wh_locations_coords.csv,csv,https://github.com/communitymaplab/geog4300_datascience/blob/main/data/wh_locations_coords.csv,<a href='https://github.com/communitymaplab/geog4300_datascience/blob/main/data/wh_locations_coords.csv'>wh_locations_coords.csv</a>
