store_id,store_name,addr_id,addr_num,addr_st,addr_add,city,state,zip5,store_type,stype_num,store_group,stgrp_num,store,X,Y,Y2008,Y2009,Y2010,Y2011,Y2012,Y2013,Y2014,Y2015,Y2016,Y2017,Y2018,Y2019,method,match,st_fips,COUNTYFP,cty_fips
st_063755,DOLLAR GENERAL 11170,A105409,"11519",HASTINGS BRIDGE RD,,LOVEJOY,GA,30250,Combination Grocery/Other,2,Small retail,4,Dollar General,-84.31535,33.4406,1,1,1,1,1,1,1,1,1,1,0,0,usda,,"13","063","13063"
st_148351,DOLLAR GENERAL 4595,A114309,"1169",Powder Springs St,,Marietta,GA,30064,Combination Grocery/Other,2,Small retail,4,Dollar General,-84.57423335,33.92463498,1,1,1,1,1,1,1,1,1,0,0,0,esri,StreetAddress,"13","067","13067"
st_146444,DOLLAR GENERAL 8589,A116985,"1241",Moreland Ave SE Ste A,,Atlanta,GA,30316,Combination Grocery/Other,2,Small retail,4,Dollar General,-84.3495,33.72074,1,1,1,1,1,1,1,1,1,1,1,1,usda,,"13","121","13121"
st_005358,DOLLAR GENERAL 6980,A115618,"13695",Highway 9 N,Ste 107,Alpharetta,GA,30004,Combination Grocery/Other,2,Small retail,4,Dollar General,-84.2692311,34.11443395,1,1,0,0,0,0,0,0,0,0,0,0,esri,PointAddress,"13","121","13121"
st_146428,DOLLAR GENERAL 1566,A109529,"134",S Clayton St Ste 15B,,Lawrenceville,GA,30046,Combination Grocery/Other,2,Small retail,4,Dollar General,-83.98703,33.94878,1,1,1,1,1,1,1,1,1,1,1,1,usda,,"13","135","13135"
st_153511,DOLLAR GENERAL 9612,A117868,"1391",VETERANS MEMORIAL PKWY SU,,MABLETON,GA,30126,Combination Grocery/Other,2,Small retail,4,Dollar General,-84.59525,33.8152,1,1,1,1,1,1,1,1,1,1,1,1,usda,,"13","067","13067"
st_153482,DOLLAR GENERAL 6034,A114830,"1462",Roswell Rd,,Marietta,GA,30062,Combination Grocery/Other,2,Small retail,4,Dollar General,-84.50912,33.95089,1,1,1,1,1,1,1,1,1,1,1,1,usda,,"13","067","13067"
st_149131,DOLLAR GENERAL 9160,A117467,"1500",Pleasant Hill Rd,,Duluth,GA,30096,Combination Grocery/Other,2,Small retail,4,Dollar General,-84.12292,33.94207,1,1,1,1,1,1,1,1,1,1,1,1,usda,,"13","135","13135"
st_151241,DOLLAR GENERAL 3399,A113314,"2190",Midway Rd,,Douglasville,GA,30135,Combination Grocery/Other,2,Small retail,4,Dollar General,-84.69828,33.74834,1,1,1,1,1,1,1,1,1,1,1,1,usda,,"13","097","13097"
st_151245,DOLLAR GENERAL 3406,A113320,"2282",Lake Harbin Rd,,Morrow,GA,30260,Combination Grocery/Other,2,Small retail,4,Dollar General,-84.31567,33.58308,1,1,1,1,1,1,1,1,1,1,1,1,usda,,"13","063","13063"
st_146401,DOLLAR GENERAL 1520,A109129,"2326",Henry Clower Blvd,,Snellville,GA,30078,Combination Grocery/Other,2,Small retail,4,Dollar General,-84.02454,33.85524,1,1,1,1,1,1,1,1,1,1,1,1,usda,,"13","135","13135"
st_025949,Dollar General 10272,A104496,"2418",Devonion Dr,,Villa Rica,GA,30180,Combination Grocery/Other,2,Small retail,4,Dollar General,-84.89511,33.73181,1,1,1,1,1,1,1,1,1,1,1,1,usda,,"13","097","13097"
st_151575,DOLLAR GENERAL 6837,A115493,"2410",Lawrenceville Hwy,,Lawrenceville,GA,30044,Combination Grocery/Other,2,Small retail,4,Dollar General,-84.06171205,33.92588887,1,1,1,1,1,1,1,1,0,0,0,0,esri,PointAddress,"13","135","13135"
st_151230,DOLLAR GENERAL 1923,A111991,"242",Stockbridge Rd,Ste 10,Jonesboro,GA,30236,Combination Grocery/Other,2,Small retail,4,Dollar General,-84.34533603,33.52725612,1,1,1,1,1,1,1,1,1,0,0,0,esri,PointAddress,"13","063","13063"
st_151323,DOLLAR GENERAL 8200,A116666,"2561",Austell Rd SE,Ste 14,MARIETTA,GA,30008,Combination Grocery/Other,2,Small retail,4,Dollar General,-84.57887,33.89097,1,1,1,1,1,1,1,1,1,1,1,1,usda,,"13","067","13067"
st_151307,DOLLAR GENERAL 3937,A113754,"250",Windy Hill Rd SE,,Marietta,GA,30060,Combination Grocery/Other,2,Small retail,4,Dollar General,-84.55204,33.8947,1,1,1,1,1,1,1,1,1,1,1,1,usda,,"13","067","13067"
st_146397,DOLLAR GENERAL 8948,A117281,"2688",Stone Dr SW,,Lilburn,GA,30047,Combination Grocery/Other,2,Small retail,4,Dollar General,-84.09712,33.81052,1,1,1,1,1,1,1,1,1,1,1,1,usda,,"13","135","13135"
st_151286,DOLLAR GENERAL 1757,A110809,"2768",Cobb Pkwy NW,,Kennesaw,GA,30152,Combination Grocery/Other,2,Small retail,4,Dollar General,-84.62207,34.02073,1,1,1,1,1,1,1,1,1,1,1,1,usda,,"13","067","13067"
st_146347,DOLLAR GENERAL 4011,A113817,"286",Highway 138 SW,,Riverdale,GA,30274,Combination Grocery/Other,2,Small retail,4,Dollar General,-84.40001,33.54287,1,1,1,1,1,1,1,1,1,1,1,1,usda,,"13","063","13063"
st_148342,DOLLAR GENERAL 3916,A113736,"2922",Evans Mill Rd,,Lithonia,GA,30038,Combination Grocery/Other,2,Small retail,4,Dollar General,-84.11906,33.69956,1,1,1,1,1,1,1,1,1,1,1,1,usda,,"13","089","13089"
st_008876,DOLLAR GENERAL 9871,A118071,"3394",Canton Rd,,Marietta,GA,30066,Combination Grocery/Other,2,Small retail,4,Dollar General,-84.52761857,34.03452956,1,1,1,0,0,0,0,0,0,0,0,0,esri,StreetAddress,"13","067","13067"
st_151262,DOLLAR GENERAL 8095,A116578,"3375",ROOSEVELT HWY J-1 POB 145,,RED OAK,GA,30272,Combination Grocery/Other,2,Small retail,4,Dollar General,-84.4990881,33.6225285,1,0,0,0,0,0,0,0,0,0,0,0,google,rooftop,"13","121","13121"
st_151265,DOLLAR GENERAL 0291,A103936,"3753",Austell Rd,,Austell,GA,30106,Combination Grocery/Other,2,Small retail,4,Dollar General,-84.59752794,33.86136528,1,1,1,0,0,0,0,0,0,0,0,0,esri,PointAddress,"13","067","13067"
st_151267,DOLLAR GENERAL 613,A114911,"4110",Austell Powder Springs Rd,,Powder Springs,GA,30127,Combination Grocery/Other,2,Small retail,4,Dollar General,-84.66935,33.85348,1,1,1,1,1,1,1,1,1,1,1,1,usda,,"13","067","13067"
st_146314,DOLLAR GENERAL 13079,A107221,"4351",Hugh Howell Rd,,Tucker,GA,30084,Combination Grocery/Other,2,Small retail,4,Dollar General,-84.20932,33.85192,1,1,1,1,1,1,1,1,1,1,1,1,usda,,"13","089","13089"
st_151264,DOLLAR GENERAL 8143,A116623,"4465",Campbellton Rd SW,,Atlanta,GA,30331,Combination Grocery/Other,2,Small retail,4,Dollar General,-84.53435,33.69615,1,1,1,1,1,1,1,1,1,1,1,1,usda,,"13","121","13121"
st_146394,DOLLAR GENERAL 7901,A116425,"4733",Redan Rd,,Stone Mountain,GA,30088,Combination Grocery/Other,2,Small retail,4,Dollar General,-84.19867,33.76227,1,1,1,1,1,1,1,1,1,1,1,1,usda,,"13","089","13089"
st_153499,DOLLAR GENERAL 9332,A117613,"4870",Highway 5,,Douglasville,GA,30135,Combination Grocery/Other,2,Small retail,4,Dollar General,-84.80505,33.67364,1,1,1,1,1,1,1,1,1,1,1,1,usda,,"13","097","13097"
st_151328,DOLLAR GENERAL 8524,A116938,"4961",Regions Dr NW,,Acworth,GA,30101,Combination Grocery/Other,2,Small retail,4,Dollar General,-84.64768,34.07634,1,1,1,1,1,1,1,1,1,1,1,1,usda,,"13","067","13067"
st_151297,DOLLAR GENERAL 2565,A112622,"5125",Austell Rd,,Austell,GA,30106,Combination Grocery/Other,2,Small retail,4,Dollar General,-84.61391,33.82864,1,1,1,1,1,1,1,1,1,1,0,0,usda,,"13","067","13067"
st_153534,DOLLAR GENERAL 8548,A116957,"5450",PEACHTREE PKWY,,NORCROSS,GA,30092,Combination Grocery/Other,2,Small retail,4,Dollar General,-84.22074,33.97112,1,1,1,1,1,1,1,1,1,1,1,1,usda,,"13","135","13135"
st_146287,DOLLAR GENERAL 2564,A112621,"5570",Lawrenceville Hwy NW,,Lilburn,GA,30047,Combination Grocery/Other,2,Small retail,4,Dollar General,-84.16389,33.88143,1,1,1,1,1,1,1,1,1,1,1,1,usda,,"13","135","13135"
st_146512,DOLLAR GENERAL 8918,A117257,"5549",OLD NATIONAL HWY STATE G,,ATLANTA,GA,30349,Combination Grocery/Other,2,Small retail,4,Dollar General,-84.47209457,33.60383049,1,1,1,0,0,0,0,0,0,0,0,0,esri,PointAddress,"13","121","13121"
st_151261,DOLLAR GENERAL 8090,A116575,"5611",Riverdale Rd,,College Park,GA,30349,Combination Grocery/Other,2,Small retail,4,Dollar General,-84.43027,33.60203,1,1,1,1,1,1,1,1,1,1,1,1,usda,,"13","063","13063"
st_146514,DOLLAR GENERAL 8947,A117280,"5610",Singleton Rd,,Norcross,GA,30093,Combination Grocery/Other,2,Small retail,4,Dollar General,-84.18389,33.90828,1,1,1,1,1,1,1,1,1,1,1,1,usda,,"13","135","13135"
st_153254,DOLLAR GENERAL 1492,A108873,"592",Main St,,Palmetto,GA,30268,Combination Grocery/Other,2,Small retail,4,Dollar General,-84.66788,33.52011,1,1,1,1,1,1,1,1,1,1,1,1,usda,,"13","121","13121"
st_146395,DOLLAR GENERAL 8243,A116703,"5978",Memorial Dr,,Stone Mountain,GA,30083,Combination Grocery/Other,2,Small retail,4,Dollar General,-84.1946,33.80183,1,1,1,1,1,1,1,1,1,1,1,1,usda,,"13","089","13089"
st_029967,DOLLAR GENERAL 9040,A117354,"6040",Central Church Rd,,Douglasville,GA,30135,Combination Grocery/Other,2,Small retail,4,Dollar General,-84.77256,33.70406,1,1,1,1,1,1,1,1,1,1,1,1,usda,,"13","097","13097"
st_146399,DOLLAR GENERAL 9046,A117360,"60",Garnett St,,Buford,GA,30518,Combination Grocery/Other,2,Small retail,4,Dollar General,-84.0055,34.11946,1,1,1,1,1,1,1,1,1,1,1,1,usda,,"13","135","13135"
st_151263,Dollar General 8138,A116619,"6134",E Broad St,,Douglasville,GA,30134,Combination Grocery/Other,2,Small retail,4,Dollar General,-84.73341,33.75879,1,1,1,1,1,1,1,1,1,1,1,1,usda,,"13","097","13097"
st_147315,DOLLAR GENERAL 6673,A115350,"6341",Highway 42,Ste 7,Rex,GA,30273,Combination Grocery/Other,2,Small retail,4,Dollar General,-84.28956204,33.57981215,1,1,1,0,0,0,0,0,0,0,0,0,esri,StreetAddress,"13","063","13063"
st_146354,DOLLAR GENERAL 8077,A116561,"6489",Tara Blvd,,Jonesboro,GA,30236,Combination Grocery/Other,2,Small retail,4,Dollar General,-84.37345,33.57774,1,1,1,1,1,1,1,1,1,1,1,1,usda,,"13","063","13063"
st_017456,DOLLAR GENERAL 10145,A104380,"6633",Covington Hwy,,Lithonia,GA,30058,Combination Grocery/Other,2,Small retail,4,Dollar General,-84.14677,33.71766,1,1,1,1,1,1,1,1,1,1,1,1,usda,,"13","089","13089"
st_151232,DOLLAR GENERAL 2498,A112571,"6620",Highway 85,,Riverdale,GA,30274,Combination Grocery/Other,2,Small retail,4,Dollar General,-84.41235,33.57405,1,1,1,1,1,1,1,1,1,1,1,1,usda,,"13","063","13063"
st_025953,Dollar General 9725,A117966,"6641",Roosevelt Hwy,,Union City,GA,30291,Combination Grocery/Other,2,Small retail,4,Dollar General,-84.56042,33.57708,1,1,1,1,1,1,1,1,1,1,1,1,usda,,"13","121","13121"
st_146534,DOLLAR GENERAL 7681,A116239,"8032",Rockbridge Rd,,Lithonia,GA,30058,Combination Grocery/Other,2,Small retail,4,Dollar General,-84.07525157,33.77486147,1,1,1,1,1,1,0,0,0,0,0,0,esri,StreetAddress,"13","089","13089"
st_153523,DOLLAR GENERAL 7574,A116147,"8160",Tara Blvd,,Jonesboro,GA,30236,Combination Grocery/Other,2,Small retail,4,Dollar General,-84.36355,33.53134,1,1,1,1,1,1,1,1,1,1,1,1,usda,,"13","063","13063"
st_153427,DOLLAR GENERAL 9745,A117985,"8610",ROSWELL RD,,ATLANTA,GA,30350,Combination Grocery/Other,2,Small retail,4,Dollar General,-84.35176578,33.99137324,1,0,0,0,0,0,0,0,0,0,0,0,esri,PointAddress,"13","121","13121"
st_151249,DOLLAR GENERAL 3923,A113741,"8657",Tara Blvd,,Jonesboro,GA,30236,Combination Grocery/Other,2,Small retail,4,Dollar General,-84.36378,33.5188,1,1,1,1,1,1,1,1,1,1,1,1,usda,,"13","063","13063"
st_151260,DOLLAR GENERAL 7554,A116132,"900",Thornton Rd Ste F,,Lithia Springs,GA,30122,Combination Grocery/Other,2,Small retail,4,Dollar General,-84.60712,33.77991,1,1,1,1,1,1,1,1,1,1,1,1,usda,,"13","097","13097"
st_046432,Dollar Tree 3069,A121946,"11337",Tara Blvd,,Hampton,GA,30228,Combination Grocery/Other,2,Small retail,4,Dollar Tree,-84.32437,33.44644,1,1,1,1,1,1,1,1,1,1,1,1,usda,,"13","063","13063"
st_046009,Dollar Tree 227,A121152,"1630",Pleasant Hill Rd Ste 130,,Duluth,GA,30096,Combination Grocery/Other,2,Small retail,4,Dollar Tree,-84.12514,33.94527,1,1,1,1,1,1,1,1,1,1,1,1,usda,,"13","135","13135"
st_046010,Dollar Tree 280,A121673,"180",Cobb Pkwy S,,Marietta,GA,30060,Combination Grocery/Other,2,Small retail,4,Dollar Tree,-84.51881,33.94733,1,1,1,1,1,1,1,1,1,1,1,1,usda,,"13","067","13067"
st_062622,Dollar Tree 3478,A122252,"1821",Mount Zion Rd,,Morrow,GA,30260,Combination Grocery/Other,2,Small retail,4,Dollar Tree,-84.33159,33.56957,1,1,1,1,1,1,1,1,1,1,1,1,usda,,"13","063","13063"
st_046420,Dollar Tree 1114,A120096,"1935",Buford Mill Dr,,Buford,GA,30519,Combination Grocery/Other,2,Small retail,4,Dollar Tree,-83.98983,34.08581,1,1,1,1,1,1,1,1,1,1,1,1,usda,,"13","135","13135"
st_046015,Dollar Tree 436,A123088,"1900",Rockbridge Rd,,Stone Mountain,GA,30087,Combination Grocery/Other,2,Small retail,4,Dollar Tree,-84.119,33.82375,1,1,1,1,1,1,1,1,1,1,1,1,usda,,"13","135","13135"
st_046013,Dollar Tree 370,A122476,"1997",Scenic Hwy N,,Snellville,GA,30078,Combination Grocery/Other,2,Small retail,4,Dollar Tree,-84.01511,33.87034,1,1,1,1,1,1,1,1,1,1,1,1,usda,,"13","135","13135"
st_046436,Dollar Tree 3277,A122154,"2145",Roswell Rd,,Marietta,GA,30062,Combination Grocery/Other,2,Small retail,4,Dollar Tree,-84.49052,33.96756,1,1,1,1,1,1,1,1,1,1,1,1,usda,,"13","067","13067"
st_060577,Dollar Tree 3588,A122362,"2505",Chastain Meadows Pkwy,,Marietta,GA,30066,Combination Grocery/Other,2,Small retail,4,Dollar Tree,-84.55456,34.01518,1,1,1,1,1,1,1,1,1,1,1,1,usda,,"13","067","13067"
st_062623,Dollar Tree 3617,A122391,"3335",Cobb Pkwy NW,,Acworth,GA,30101,Combination Grocery/Other,2,Small retail,4,Dollar Tree,-84.68329,34.03566,1,1,1,1,1,1,1,1,1,1,1,1,usda,,"13","067","13067"
st_060317,Dollar Tree 717,A125462,"3447",Memorial Dr,,Decatur,GA,30032,Combination Grocery/Other,2,Small retail,4,Dollar Tree,-84.27136,33.75258,1,1,1,1,1,1,1,1,1,1,1,1,usda,,"13","089","13089"
st_046418,Dollar Tree 1083,A120069,"4015",Holcomb Bridge Rd,,Norcross,GA,30092,Combination Grocery/Other,2,Small retail,4,Dollar Tree,-84.25529,33.9665,1,1,1,1,1,1,1,1,1,1,1,1,usda,,"13","135","13135"
st_046012,Dollar Tree 318,A122058,"4740",Jonesboro Rd,,Union City,GA,30291,Combination Grocery/Other,2,Small retail,4,Dollar Tree,-84.5423,33.56953,1,1,1,1,1,1,1,1,1,1,1,1,usda,,"13","121","13121"
st_046018,Dollar Tree 713,A125423,"5590",Mableton Pkwy SW,,Mableton,GA,30126,Combination Grocery/Other,2,Small retail,4,Dollar Tree,-84.57558,33.81759,1,1,1,1,1,1,1,1,1,1,1,1,usda,,"13","067","13067"
st_048073,Dollar Tree 3220,A122101,"5805",State Bridge Rd,,Duluth,GA,30097,Combination Grocery/Other,2,Small retail,4,Dollar Tree,-84.1898,34.01799,1,1,1,1,1,1,1,1,1,1,1,1,usda,,"13","121","13121"
st_046427,Dollar Tree 2238,A121120,"8100",Mall Pkwy Ste 610,,Lithonia,GA,30038,Combination Grocery/Other,2,Small retail,4,Dollar Tree,-84.09374,33.69351,1,1,1,1,1,1,1,1,1,1,1,1,usda,,"13","089","13089"
st_048061,Dollar Tree 0537,A119919,"925",Lawrenceville Suwanee Rd,,Lawrenceville,GA,30043,Combination Grocery/Other,2,Small retail,4,Dollar Tree,-84.01803,33.97137,1,1,1,1,1,1,1,1,1,1,1,1,usda,,"13","135","13135"
st_042059,Family Dollar Store 2349,A145199,"0",Campbellton Rd SW,,Atlanta,GA,30331,Combination Grocery/Other,2,Small retail,4,Family Dollar,-84.51018,33.69045,1,1,1,1,1,1,1,1,1,1,0,0,usda,,"13","121","13121"
st_041697,Family Dollar Store 2619,A145362,"0",N Decatur Rd,,Decatur,GA,30033,Combination Grocery/Other,2,Small retail,4,Family Dollar,-84.28636657,33.79222081,1,1,1,1,1,1,1,0,0,0,0,0,esri,StreetAddress,"13","089","13089"
st_041696,Family Dollar Store 2602,A049061,"0",Redan Rd,,Stone Mountain,GA,30088,Combination Grocery/Other,2,Small retail,4,Family Dollar,-84.19486,33.76125,1,1,1,1,1,1,1,1,1,1,0,0,usda,,"13","089","13089"
st_042085,Family Dollar Store 5675,A147162,"0",Roosevelt Hwy,,Palmetto,GA,30268,Combination Grocery/Other,2,Small retail,4,Family Dollar,-84.66158,33.52818,1,1,1,1,1,1,1,1,1,1,0,0,usda,,"13","121","13121"
st_042358,Family Dollar Store 6973,A147966,"0",Tara Blvd,,Jonesboro,GA,30236,Combination Grocery/Other,2,Small retail,4,Family Dollar,-84.36333,33.52064,1,1,1,1,1,1,1,1,1,1,0,0,usda,,"13","063","13063"
st_042388,Family Dollar Store 6238,A147521,"1047",Alpharetta St,,Roswell,GA,30075,Combination Grocery/Other,2,Small retail,4,Family Dollar,-84.35891,34.027,1,1,1,1,1,1,1,1,1,1,1,1,usda,,"13","121","13121"
st_042073,Family Dollar Store 499,A146743,"10",SW Broad St,,Fairburn,GA,30213,Combination Grocery/Other,2,Small retail,4,Family Dollar,-84.58169,33.56662,1,1,1,1,1,1,1,1,1,1,1,1,usda,,"13","121","13121"
st_041709,Family Dollar Store 5300,A146920,"1104",Moreland Ave SE,,Atlanta,GA,30316,Combination Grocery/Other,2,Small retail,4,Family Dollar,-84.34937,33.72443,1,1,1,1,1,1,1,1,1,1,1,1,usda,,"13","089","13089"
st_042058,Family Dollar Store 1728,A144910,"1165",Ralph David Abernathy Blvd SW,,Atlanta,GA,30310,Combination Grocery/Other,2,Small retail,4,Family Dollar,-84.42593,33.73857,1,1,1,1,1,1,1,1,1,1,1,1,usda,,"13","121","13121"
st_041117,Family Dollar Store 364,A145936,"1255",Veterans Memorial Hwy SW,,Mableton,GA,30126,Combination Grocery/Other,2,Small retail,4,Family Dollar,-84.59067,33.81651,1,1,1,1,1,1,1,1,1,1,1,1,usda,,"13","067","13067"
st_040758,Family Dollar Store 716,A148071,"1410",Custer Ave SE,,Atlanta,GA,30316,Combination Grocery/Other,2,Small retail,4,Family Dollar,-84.34272,33.71752,1,1,1,1,1,1,1,1,1,1,1,1,usda,,"13","089","13089"
st_042054,Family Dollar Store 1469,A144754,"1655",Memorial Dr SE,,Atlanta,GA,30317,Combination Grocery/Other,2,Small retail,4,Family Dollar,-84.33366,33.74744,1,1,1,1,1,1,1,1,1,1,1,1,usda,,"13","089","13089"
st_041116,Family Dollar Store 7189,A148087,"1616",Virginia Ave,,Atlanta,GA,30337,Combination Grocery/Other,2,Small retail,4,Family Dollar,-84.44208,33.65919,1,1,1,1,1,1,1,1,1,1,1,1,usda,,"13","121","13121"
st_042389,Family Dollar Store 6415,A147626,"1765",Mundys Mill Rd,,Jonesboro,GA,30236,Combination Grocery/Other,2,Small retail,4,Family Dollar,-84.33835,33.48608,1,1,1,1,1,1,1,1,1,1,1,1,usda,,"13","063","13063"
st_040518,Family Dollar Store 511,A146811,"1982",Candler Rd,,Decatur,GA,30032,Combination Grocery/Other,2,Small retail,4,Family Dollar,-84.28425,33.73315,1,1,1,1,1,1,1,1,1,1,1,1,usda,,"13","089","13089"
st_040520,Family Dollar Store 6030,A147385,"2045",Donald Lee Hollowell Pkwy NW,,Atlanta,GA,30318,Combination Grocery/Other,2,Small retail,4,Family Dollar,-84.45201,33.77677,1,1,1,1,1,1,1,1,1,1,1,1,usda,,"13","121","13121"
st_064785,Family Dollar Store 7463,A148251,"2021",Flat Shoals Rd SE,,Atlanta,GA,30316,Combination Grocery/Other,2,Small retail,4,Family Dollar,-84.32185,33.72546,1,1,1,1,1,1,1,1,1,1,1,1,usda,,"13","089","13089"
st_041110,Family Dollar Store 1788,A144942,"2060",Headland Dr,,Atlanta,GA,30344,Combination Grocery/Other,2,Small retail,4,Family Dollar,-84.45564,33.68886,1,1,1,1,1,1,1,1,1,1,1,1,usda,,"13","121","13121"
st_041429,Family Dollar Store 235,A145201,"2178",Campbellton Rd SW,,Atlanta,GA,30311,Combination Grocery/Other,2,Small retail,4,Family Dollar,-84.45944,33.70569,1,1,1,1,1,1,1,1,1,1,1,1,usda,,"13","121","13121"
st_040519,Family Dollar Store 4107,A146208,"2350",Lake Harbin Rd,,Morrow,GA,30260,Combination Grocery/Other,2,Small retail,4,Family Dollar,-84.3135,33.58304,1,1,1,1,1,1,1,1,1,1,1,1,usda,,"13","063","13063"
st_041120,Family Dollar Store 4576,A146499,"2369",Lawrenceville Hwy,,Lawrenceville,GA,30044,Combination Grocery/Other,2,Small retail,4,Family Dollar,-84.06058,33.92662,1,1,1,1,1,1,1,1,1,1,1,1,usda,,"13","135","13135"
st_040524,Family Dollar Store 7527,A148284,"2393",Spring Rd SE,,Smyrna,GA,30080,Combination Grocery/Other,2,Small retail,4,Family Dollar,-84.4848,33.8834,1,1,1,1,1,1,1,1,1,1,1,1,usda,,"13","067","13067"
st_041710,Family Dollar Store 5820,A147239,"2415",Dekalb Medical Pkwy,,Decatur,GA,30058,Combination Grocery/Other,2,Small retail,4,Family Dollar,-84.14587,33.71651,1,1,1,1,1,1,1,1,1,1,1,1,usda,,"13","089","13089"
st_040515,Family Dollar Store 154,A144797,"249",Scenic Hwy,,Lawrenceville,GA,30045,Combination Grocery/Other,2,Small retail,4,Family Dollar,-84.00026,33.91703,1,1,1,1,1,1,1,1,1,1,1,1,usda,,"13","135","13135"
st_042060,Family Dollar Store 2641,A145375,"2522",Bouldercrest Rd SE,,Atlanta,GA,30316,Combination Grocery/Other,2,Small retail,4,Family Dollar,-84.31062,33.6874,1,1,1,1,1,1,1,1,1,1,1,1,usda,,"13","089","13089"
st_041103,Family Dollar Store 3143,A145661,"2500",Cobb St Dr SE,,Smyrna,GA,30080,Combination Grocery/Other,2,Small retail,4,Family Dollar,-84.5377,33.89219,1,1,1,1,1,1,1,1,1,1,1,1,usda,,"13","067","13067"
st_041124,Family Dollar Store 7253,A148124,"2615",Donald Lee Hollowell Pkwy NW,,Atlanta,GA,30318,Combination Grocery/Other,2,Small retail,4,Family Dollar,-84.47209,33.77556,1,1,1,1,1,1,1,1,1,1,1,1,usda,,"13","121","13121"
st_041707,Family Dollar Store 7600,A148334,"2627",Panola Rd,,Lithonia,GA,30058,Combination Grocery/Other,2,Small retail,4,Family Dollar,-84.16609,33.71237,1,1,1,1,1,1,1,1,1,1,1,1,usda,,"13","089","13089"
st_043931,Family Dollar Store 7739,A148422,"2975",Headland Blvd,Ste A,Atlanta,GA,30311,Combination Grocery/Other,2,Small retail,4,Family Dollar,-84.48674306,33.68958253,1,1,1,1,1,1,1,1,0,0,0,0,esri,PointAddress,"13","121","13121"
st_041118,Family Dollar Store 4572,A146496,"3090",Buford Hwy,,Duluth,GA,30096,Combination Grocery/Other,2,Small retail,4,Family Dollar,-84.14344373,34.00191053,1,1,1,1,1,1,1,0,0,0,0,0,esri,StreetAddress,"13","135","13135"
st_042392,Family Dollar Store 6638,A147761,"305",Joseph E Lowery Blvd NW,,Atlanta,GA,30314,Combination Grocery/Other,2,Small retail,4,Family Dollar,-84.4174,33.76291,1,1,1,1,1,1,1,1,1,1,1,1,usda,,"13","121","13121"
st_041111,Family Dollar Store 3002,A145573,"3104",Washington Rd,,East Point,GA,30344,Combination Grocery/Other,2,Small retail,4,Family Dollar,-84.4616328,33.67102632,1,1,1,1,1,1,1,1,1,1,1,1,esri,StreetAddress,"13","121","13121"
st_041100,Family Dollar Store 2394,A145222,"3201",Tucker Norcross Rd,,Tucker,GA,30084,Combination Grocery/Other,2,Small retail,4,Family Dollar,-84.22035,33.8841,1,1,1,1,1,1,1,1,1,1,1,1,usda,,"13","089","13089"
st_048901,Family Dollar Store 7809,A148465,"3349",Buford Hwy NE,,Atlanta,GA,30329,Combination Grocery/Other,2,Small retail,4,Family Dollar,-84.32851909,33.84303545,1,1,1,1,1,1,1,1,0,0,0,0,esri,StreetAddress,"13","089","13089"
st_041113,Family Dollar Store 5059,A146781,"3310",Dogwood Dr,,Hapeville,GA,30354,Combination Grocery/Other,2,Small retail,4,Family Dollar,-84.40857,33.6638,1,1,1,1,1,1,1,1,1,1,1,1,usda,,"13","121","13121"
st_041114,Family Dollar Store 7167,A148073,"3412",Clairmont Rd NE,,Atlanta,GA,30319,Combination Grocery/Other,2,Small retail,4,Family Dollar,-84.31159,33.85909,1,1,1,1,1,1,1,1,1,1,1,1,usda,,"13","089","13089"
st_040529,Family Dollar Store 1725,A144909,"3435",Roosevelt Hwy,,Red Oak,GA,30272,Combination Grocery/Other,2,Small retail,4,Family Dollar,-84.49488,33.62257,1,1,1,1,1,1,1,1,1,1,1,1,usda,,"13","121","13121"
st_042387,Family Dollar Store 6151,A147457,"3500",Martin Luther King Jr Dr SW,,Atlanta,GA,30331,Combination Grocery/Other,2,Small retail,4,Family Dollar,-84.50233,33.75749,1,1,1,1,1,1,1,1,1,1,1,1,usda,,"13","121","13121"
st_041705,Family Dollar 7339,A143298,"3636",Panola Rd,,Lithonia,GA,30038,Combination Grocery/Other,2,Small retail,4,Family Dollar,-84.17799,33.67907,1,1,1,1,1,1,1,1,1,1,1,1,usda,,"13","089","13089"
st_041435,Family Dollar Store 3408,A145808,"3750",Bankhead Hwy,,Lithia Springs,GA,30122,Combination Grocery/Other,2,Small retail,4,Family Dollar,-84.66356,33.79365,1,1,1,1,1,1,1,1,1,1,1,1,usda,,"13","097","13097"
st_041434,Family Dollar Store 3075,A046051,"3791",S Cobb Dr SE,,Smyrna,GA,30080,Combination Grocery/Other,2,Small retail,4,Family Dollar,-84.51889,33.86136,1,1,1,1,1,1,1,1,1,1,1,1,usda,,"13","067","13067"
st_051086,Family Dollar Store 7641,A148359,"3850",Flat Shoals Pkwy,,Decatur,GA,30034,Combination Grocery/Other,2,Small retail,4,Family Dollar,-84.26325,33.69581,1,1,1,1,1,1,1,1,1,1,1,1,usda,,"13","089","13089"
st_041122,Family Dollar Store 5607,A147111,"3855",Lawrenceville Hwy,,Tucker,GA,30084,Combination Grocery/Other,2,Small retail,4,Family Dollar,-84.2237,33.84926,1,1,1,1,1,1,1,1,1,1,1,1,usda,,"13","089","13089"
st_041708,Family Dollar Store 4965,A146729,"4072",Glenwood Rd,,Decatur,GA,30032,Combination Grocery/Other,2,Small retail,4,Family Dollar,-84.25127,33.73795,1,1,1,1,1,1,1,1,1,1,1,1,usda,,"13","089","13089"
st_041688,Family Dollar Store 6611,A147745,"455",North Ave,,Atlanta,GA,30308,Combination Grocery/Other,2,Small retail,4,Family Dollar,-84.37229,33.77112,1,1,1,1,1,1,1,1,1,1,1,1,usda,,"13","121","13121"
st_041436,Family Dollar Store 3475,A145850,"4602",E Ponce de Leon Ave,,Clarkston,GA,30021,Combination Grocery/Other,2,Small retail,4,Family Dollar,-84.2281,33.81909,1,1,1,1,1,1,1,1,1,1,1,1,usda,,"13","089","13089"
st_041711,Family Dollar Store 6333,A147577,"4614",Memorial Dr,,Decatur,GA,30032,Combination Grocery/Other,2,Small retail,4,Family Dollar,-84.23895,33.78007,1,1,1,1,1,1,1,1,1,1,0,0,usda,,"13","089","13089"
st_040525,Family Dollar Store 7528,A148285,"4787",Covington Hwy,,Decatur,GA,30035,Combination Grocery/Other,2,Small retail,4,Family Dollar,-84.21726,33.73749,1,1,1,1,1,1,1,1,1,1,1,1,usda,,"13","089","13089"
st_041445,Family Dollar Store 397,A146124,"4735",Jonesboro Rd,,Forest Park,GA,30297,Combination Grocery/Other,2,Small retail,4,Family Dollar,-84.35497,33.62539,1,1,1,1,1,1,1,1,1,1,1,1,usda,,"13","063","13063"
st_040530,Family Dollar Store 5868,A147268,"4960",Roosevelt Hwy,,Union City,GA,30291,Combination Grocery/Other,2,Small retail,4,Family Dollar,-84.54951,33.59608,1,1,1,1,1,1,1,1,1,1,1,1,usda,,"13","121","13121"
st_041104,Family Dollar Store 3583,A145909,"5025",Winters Chapel Rd,,Atlanta,GA,30360,Combination Grocery/Other,2,Small retail,4,Family Dollar,-84.27077,33.94317,1,1,1,1,1,1,1,1,1,1,1,1,usda,,"13","089","13089"
st_041441,Family Dollar Store 4404,A146409,"5279",Lawrenceville Hwy NW,,Lilburn,GA,30047,Combination Grocery/Other,2,Small retail,4,Family Dollar,-84.15661,33.8885,1,1,1,1,1,1,1,1,1,1,1,1,usda,,"13","135","13135"
st_041105,Family Dollar Store 3891,A023635,"5345",Jimmy Carter Blvd,,Norcross,GA,30093,Combination Grocery/Other,2,Small retail,4,Family Dollar,-84.20571,33.90437,1,1,1,1,1,1,1,1,1,1,1,1,usda,,"13","135","13135"
st_041698,Family Dollar Store 3290,A145739,"5404",Covington Hwy,,Decatur,GA,30035,Combination Grocery/Other,2,Small retail,4,Family Dollar,-84.19359,33.73086,1,1,1,1,1,1,1,1,1,1,1,1,usda,,"13","089","13089"
st_042067,Family Dollar Store 231,A145181,"5403",Old National Hwy,,Atlanta,GA,30349,Combination Grocery/Other,2,Small retail,4,Family Dollar,-84.47132,33.60758,1,1,1,1,1,1,1,1,1,1,1,1,usda,,"13","121","13121"
st_040760,Family Dollar Store 2678,A145399,"5425",Riverdale Rd,,Atlanta,GA,30349,Combination Grocery/Other,2,Small retail,4,Family Dollar,-84.43582,33.60734,1,1,1,1,1,1,1,1,1,1,1,1,usda,,"13","063","13063"
st_042390,Family Dollar Store 6509,A147690,"565",Joseph E Lowery Blvd SW,,Atlanta,GA,30310,Combination Grocery/Other,2,Small retail,4,Family Dollar,-84.41772,33.73953,1,1,1,1,1,1,1,1,1,1,1,1,usda,,"13","121","13121"
st_041706,Family Dollar Store 7459,A148248,"6017",Memorial Dr,,Stone Mountain,GA,30083,Combination Grocery/Other,2,Small retail,4,Family Dollar,-84.19308,33.80253,1,1,1,1,1,1,1,1,1,1,1,1,usda,,"13","089","13089"
st_040757,Family Dollar Store 350,A145869,"6113",Fairburn Rd,,Douglasville,GA,30134,Combination Grocery/Other,2,Small retail,4,Family Dollar,-84.73229,33.75106,1,1,1,1,1,1,1,1,1,1,1,1,usda,,"13","097","13097"
st_040517,Family Dollar Store 363,A145931,"619",S Marietta Pkwy SE,,Marietta,GA,30060,Combination Grocery/Other,2,Small retail,4,Family Dollar,-84.53363,33.9432,1,1,1,1,1,1,1,1,1,1,1,1,usda,,"13","067","13067"
st_041453,Family Dollar Store 5239,A146887,"6463",Highway 42,,Rex,GA,30273,Combination Grocery/Other,2,Small retail,4,Family Dollar,-84.28148,33.57721,1,1,1,1,1,1,1,1,1,1,1,1,usda,,"13","063","13063"
st_042077,Family Dollar Store 2930,A145535,"674",Highway 138 SW,,Riverdale,GA,30274,Combination Grocery/Other,2,Small retail,4,Family Dollar,-84.41238,33.5484,1,1,1,1,1,1,1,1,1,1,1,1,usda,,"13","063","13063"
st_042064,Family Dollar Store 4967,A146730,"6715",Merchants Way,,Morrow,GA,30260,Combination Grocery/Other,2,Small retail,4,Family Dollar,-84.34875,33.57201,1,1,1,1,1,1,1,1,1,1,1,1,usda,,"13","063","13063"
st_043322,Family Dollar Store 7203,A022251,"7184",Rockbridge Rd,,Stone Mountain,GA,30087,Combination Grocery/Other,2,Small retail,4,Family Dollar,-84.10284,33.78524,1,1,1,1,1,1,1,1,1,1,1,1,usda,,"13","089","13089"
st_041099,Family Dollar Store 2341,A145195,"728",Sandtown Rd SW,,Marietta,GA,30008,Combination Grocery/Other,2,Small retail,4,Family Dollar,-84.55571,33.9339,1,1,1,1,1,1,1,1,1,1,1,1,usda,,"13","067","13067"
st_041112,Family Dollar Store 3669,A145956,"798",Morrow Rd,,Forest Park,GA,30297,Combination Grocery/Other,2,Small retail,4,Family Dollar,-84.36435,33.59058,1,1,1,1,1,1,1,1,1,1,1,1,usda,,"13","063","13063"
st_041712,Family Dollar Store 7210,A148096,"7960",Rockbridge Rd,,Lithonia,GA,30058,Combination Grocery/Other,2,Small retail,4,Family Dollar,-84.0771,33.77436,1,1,1,1,1,1,1,1,1,1,1,1,usda,,"13","089","13089"
st_041123,Family Dollar Store 6501,A147684,"824",Donald Lee Hollowell Pkwy NW,,Atlanta,GA,30318,Combination Grocery/Other,2,Small retail,4,Family Dollar,-84.41431,33.77298,1,1,1,1,1,1,1,1,1,1,1,1,usda,,"13","121","13121"
st_042069,Family Dollar Store 270,A145407,"830",Spur 138,,Jonesboro,GA,30236,Combination Grocery/Other,2,Small retail,4,Family Dollar,-84.36356,33.53794,1,1,1,1,1,1,1,1,1,1,1,1,usda,,"13","063","13063"
st_042063,Family Dollar Store 4238,A146292,"8500",Highway 85,,Jonesboro,GA,30238,Combination Grocery/Other,2,Small retail,4,Family Dollar,-84.4233,33.52389,1,1,1,1,1,1,1,1,1,1,1,1,usda,,"13","063","13063"
st_151345,DOLLAR GENERAL 7619,A116185,"4179",Macedonia Rd,,Powder Springs,GA,30127,Combination Grocery/Other,2,Small retail,4,Dollar General,-84.67574,33.87344,1,1,1,1,1,1,1,1,1,1,1,1,usda,,"13","067","13067"
st_041695,Family Dollar Store 2049,A103416,"1291",Columbia Dr,,Decatur,GA,30032,Combination Grocery/Other,2,Small retail,4,Family Dollar,-84.26523655,33.75159714,1,1,1,1,1,1,1,1,0,0,0,0,esri,,"13","089","13089"
st_041097,Family Dollar Store 728,A125293,"2344",Marietta Blvd NW,,Atlanta,GA,30318,Combination Grocery/Other,2,Small retail,4,Family Dollar,-84.45387,33.8207,1,1,1,1,1,1,1,1,1,1,0,0,usda,,"13","121","13121"
st_059166,Family Dollar Store 7464,A103534,"2310",Martin Luther King Jr Dr SW,,Atlanta,GA,30310,Combination Grocery/Other,2,Small retail,4,Family Dollar,-84.46576323,33.75178521,1,1,1,1,1,1,1,1,0,0,0,0,esri,,"13","121","13121"
st_041447,Family Dollar Store 902,A103576,"2779",Lakewood Ave SW,,Atlanta,GA,30315,Combination Grocery/Other,2,Small retail,4,Family Dollar,-84.40853574,33.69727472,1,1,1,1,1,1,1,1,0,0,0,0,esri,,"13","121","13121"
st_042074,Family Dollar Store 634,A027972,"3050",Martin Luther King Jr Dr SW,,Atlanta,GA,30311,Combination Grocery/Other,2,Small retail,4,Family Dollar,-84.48647,33.75248,1,1,1,1,1,1,1,1,1,1,1,1,usda,,"13","121","13121"
st_041125,Family Dollar Stores 7292,A125286,"3030",Veterans Memorial Hwy SW,,Austell,GA,30168,Combination Grocery/Other,2,Small retail,4,Family Dollar,-84.63668,33.80526,1,1,1,1,1,1,1,1,1,1,0,0,usda,,"13","067","13067"
st_041440,Family Dollar Store 4370,A146385,"361",Six Flags Dr,,Austell,GA,30168,Combination Grocery/Other,2,Small retail,4,Family Dollar,-84.56612,33.7775,1,1,1,1,1,1,1,1,1,1,1,1,usda,,"13","067","13067"
st_041437,Family Dollar Store 3670,A103615,"4824",Flat Shoals Pkwy,,Decatur,GA,30034,Combination Grocery/Other,2,Small retail,4,Family Dollar,-84.23035454,33.68146481,1,1,1,1,1,1,1,1,0,0,0,0,esri,,"13","089","13089"
st_041449,Family Dollar Store 2028,A103414,"5209",Memorial Dr,,Stone Mountain,GA,30083,Combination Grocery/Other,2,Small retail,4,Family Dollar,-84.22402412,33.79686373,1,1,1,1,1,1,1,1,0,0,0,0,esri,,"13","089","13089"
st_042384,Family Dollar Store 6069,A103482,"807",Cascade Ave SW,,Atlanta,GA,30310,Combination Grocery/Other,2,Small retail,4,Family Dollar,-84.4382311,33.7332024,1,1,1,1,1,1,1,1,0,0,0,0,google,,"13","121","13121"
st_042386,Family Dollar Store 6079,A103483,"8775",Roswell Rd,,Atlanta,GA,30350,Combination Grocery/Other,2,Small retail,4,Family Dollar,-84.35065464,33.99761662,1,1,1,1,1,1,1,1,0,0,0,0,esri,,"13","121","13121"
st_173824,Dollar Tree 1400,A120340,"0",Old National Hwy,,Atlanta,GA,30349,Combination Grocery/Other,2,Small retail,4,Dollar Tree,-84.46883,33.58994,0,1,1,1,1,1,1,1,1,1,0,0,usda,,"13","121","13121"
st_198260,DOLLAR TREE 614,A124765,"1133",EAST WEST CONNECTOR,,AUSTELL,GA,30106,Combination Grocery/Other,2,Small retail,4,Dollar Tree,-84.58748,33.85722,0,1,1,1,1,1,1,1,1,1,1,1,usda,,"13","067","13067"
st_173827,Dollar Tree 3402,A122205,"1600",Mall of Georgia Blvd,,Buford,GA,30519,Combination Grocery/Other,2,Small retail,4,Dollar Tree,-83.99452,34.06196,0,1,1,1,1,1,1,1,1,1,1,1,usda,,"13","135","13135"
st_172863,Dollar Tree 1797,A120695,"2104",Henderson Mill Rd NE,,Atlanta,GA,30345,Combination Grocery/Other,2,Small retail,4,Dollar Tree,-84.25566,33.84691,0,1,1,1,1,1,1,1,1,1,1,1,usda,,"13","089","13089"
st_192375,Dollar Tree 1160,A120129,"2540",Cumberland Blvd,,Smyrna,GA,30080,Combination Grocery/Other,2,Small retail,4,Dollar Tree,-84.47482,33.88846,0,1,1,1,1,1,1,1,1,1,1,1,usda,,"13","067","13067"
st_174914,Dollar Tree 1157,A120127,"2685",Metropolitan Pkwy SW,,Atlanta,GA,30315,Combination Grocery/Other,2,Small retail,4,Dollar Tree,-84.40781,33.68261,0,1,1,1,1,1,1,1,1,1,1,1,usda,,"13","121","13121"
st_198009,DOLLAR TREE 4017,A122773,"3056",Anvil Block Rd,,Ellenwood,GA,30294,Combination Grocery/Other,2,Small retail,4,Dollar Tree,-84.28945,33.6338,0,1,1,1,1,1,1,1,1,1,1,1,usda,,"13","063","13063"
st_173816,Dollar Tree 1564,A120483,"3345",Buford Hwy NE,,Atlanta,GA,30329,Combination Grocery/Other,2,Small retail,4,Dollar Tree,-84.32805,33.84346,0,1,1,1,1,1,1,1,1,1,1,1,usda,,"13","089","13089"
st_173828,Dollar Tree 1807,A120704,"3895",Cherokee St NW,,Kennesaw,GA,30144,Combination Grocery/Other,2,Small retail,4,Dollar Tree,-84.59886,34.04847,0,1,1,1,1,1,1,1,1,1,1,0,usda,,"13","067","13067"
st_191307,Dollar Tree 4071,A122828,"4048",Atlanta Hwy,,Loganville,GA,30052,Combination Grocery/Other,2,Small retail,4,Dollar Tree,-83.91171,33.84641,0,1,1,1,1,1,1,1,1,1,1,1,usda,,"13","135","13135"
st_172830,Dollar Tree 755,A125730,"5325",Memorial Dr,,Stone Mountain,GA,30083,Combination Grocery/Other,2,Small retail,4,Dollar Tree,-84.22054,33.7987,0,1,1,1,1,1,1,1,1,1,1,1,usda,,"13","089","13089"
st_172862,Dollar Tree 1795,A120693,"608",Holcomb Bridge Rd,,Roswell,GA,30076,Combination Grocery/Other,2,Small retail,4,Dollar Tree,-84.34215,34.03495,0,1,1,1,1,1,1,1,1,1,1,1,usda,,"13","121","13121"
st_171580,Dollar Tree 3291,A122169,"6746",Covington Hwy,,Lithonia,GA,30058,Combination Grocery/Other,2,Small retail,4,Dollar Tree,-84.14332,33.71728,0,1,1,1,1,1,1,1,1,1,1,1,usda,,"13","089","13089"
st_198261,DOLLAR TREE 269,A121562,"7003",Concourse Pkwy,,Douglasville,GA,30134,Combination Grocery/Other,2,Small retail,4,Dollar Tree,-84.75845,33.73022,0,1,1,1,1,1,1,1,1,1,1,1,usda,,"13","097","13097"
st_174933,Dollar Tree 445,A123164,"7055",Highway 85,,Riverdale,GA,30274,Combination Grocery/Other,2,Small retail,4,Dollar Tree,-84.41376,33.5621,0,1,1,1,1,1,1,1,1,1,1,1,usda,,"13","063","13063"
st_173833,Dollar Tree 412,A122873,"7899",Tara Blvd,,Jonesboro,GA,30236,Combination Grocery/Other,2,Small retail,4,Dollar Tree,-84.36578,33.53877,0,1,1,1,1,1,1,1,1,1,1,1,usda,,"13","063","13063"
st_185659,Family Dollar Store 8049,A148648,"0",Tech Dr,,Norcross,GA,30093,Combination Grocery/Other,2,Small retail,4,Family Dollar,-84.16364,33.91468,0,1,1,1,1,1,1,1,1,1,0,0,usda,,"13","135","13135"
st_215123,Dollar General 12031,A106240,"2100",Lawrenceville Suwanee Rd,,Suwanee,GA,30024,Combination Grocery/Other,2,Small retail,4,Dollar General,-84.04036,34.00221,0,0,1,1,1,1,1,1,1,1,1,1,usda,,"13","135","13135"
st_219645,Dollar General 12032,A106241,"2552",Wesley Chapel Rd,,Decatur,GA,30035,Combination Grocery/Other,2,Small retail,4,Dollar General,-84.2165,33.71375,0,0,1,1,1,1,1,1,1,1,1,1,usda,,"13","089","13089"
st_227760,Dollar General 12311,A106525,"3492",Washington Rd,,Atlanta,GA,30344,Combination Grocery/Other,2,Small retail,4,Dollar General,-84.47637,33.66013,0,0,1,1,1,1,1,1,1,1,1,1,usda,,"13","121","13121"
st_217150,Dollar General 11325,A105573,"4061",Anneewakee Rd,,Douglasville,GA,30135,Combination Grocery/Other,2,Small retail,4,Dollar General,-84.70112,33.69269,0,0,1,1,1,1,1,1,1,1,1,1,usda,,"13","097","13097"
st_227768,Dollar General 12309,A106522,"5216",Jonesboro Rd,,Morrow,GA,30260,Combination Grocery/Other,2,Small retail,4,Dollar General,-84.34853,33.61263,0,0,1,1,1,1,1,1,1,1,1,1,usda,,"13","063","13063"
st_212784,Dollar Tree 4247,A122993,"13093",Highway 9 N,,Alpharetta,GA,30004,Combination Grocery/Other,2,Small retail,4,Dollar Tree,-84.27046,34.10147,0,0,1,1,1,1,1,1,1,1,1,1,usda,,"13","121","13121"
st_209454,Dollar Tree 1796,A120694,"2036",JOHNSON FERRY ROAD,,ATLANTA,GA,30319,Combination Grocery/Other,2,Small retail,4,Dollar Tree,-84.3301,33.89357,0,0,1,1,1,1,1,1,1,1,1,1,usda,,"13","089","13089"
st_211289,Dollar Tree 3667,A122446,"2480",Briarcliff Rd NE,,Atlanta,GA,30329,Combination Grocery/Other,2,Small retail,4,Dollar Tree,-84.3327,33.82637,0,0,1,1,1,1,1,1,1,1,1,1,usda,,"13","089","13089"
st_203279,Dollar Tree 862,A125825,"2552",S Cobb Dr SE,,Smyrna,GA,30080,Combination Grocery/Other,2,Small retail,4,Dollar Tree,-84.53724,33.89098,0,0,1,1,1,1,1,1,1,1,1,1,usda,,"13","067","13067"
st_223893,Dollar Tree 4296,A123034,"2640",Holcomb Bridge Rd,,Alpharetta,GA,30022,Combination Grocery/Other,2,Small retail,4,Dollar Tree,-84.2848,34.00037,0,0,1,1,1,1,1,1,1,1,1,1,usda,,"13","121","13121"
st_214036,Dollar Tree 4231,A122980,"5223",Buford Hwy NE,,Atlanta,GA,30340,Combination Grocery/Other,2,Small retail,4,Dollar Tree,-84.28249,33.89575,0,0,1,1,1,1,1,1,1,1,1,1,usda,,"13","089","13089"
st_210693,Dollar Tree 2230,A121113,"5966",Roswell Rd NE,,Atlanta,GA,30328,Combination Grocery/Other,2,Small retail,4,Dollar Tree,-84.37917,33.91775,0,0,1,1,1,1,1,1,1,1,1,1,usda,,"13","121","13121"
st_228860,Dollar Tree 362,A122394,"65",Lawrenceville Suwanee Rd,,Lawrenceville,GA,30044,Combination Grocery/Other,2,Small retail,4,Dollar Tree,-84.01988,33.94349,0,0,1,1,1,1,1,1,1,1,1,1,usda,,"13","135","13135"
st_222750,Family Dollar Store 8213,A148712,"1455",Pleasant Hill Rd,,Lawrenceville,GA,30044,Combination Grocery/Other,2,Small retail,4,Family Dollar,-84.12122,33.93918,0,0,1,1,1,1,1,1,1,1,1,1,usda,,"13","135","13135"
st_232348,Family Dollar Store 8346,A148777,"319",N Stone Mtn Lithonia Rd,,Stone Mountain,GA,30088,Combination Grocery/Other,2,Small retail,4,Family Dollar,-84.16305,33.78727,0,0,1,1,1,1,1,1,1,1,1,1,usda,,"13","089","13089"
st_211585,Family Dollar Store 7963,A148587,"4018",Jonesboro Rd,,Forest Park,GA,30297,Combination Grocery/Other,2,Small retail,4,Family Dollar,-84.3642,33.64533,0,0,1,1,1,1,1,1,1,1,1,1,usda,,"13","063","13063"
st_212582,Family Dollar Store 8168,A148691,"4104",Redan Rd,,Stone Mountain,GA,30083,Combination Grocery/Other,2,Small retail,4,Family Dollar,-84.22216,33.76379,0,0,1,1,1,1,1,1,1,1,1,1,usda,,"13","089","13089"
st_216447,Family Dollar Store 4367,A146381,"7490",Old National Hwy,,Riverdale,GA,30296,Combination Grocery/Other,2,Small retail,4,Family Dollar,-84.46593,33.55257,0,0,1,1,1,1,1,1,1,1,1,1,usda,,"13","121","13121"
st_225275,Dollar General 12233,A106442,"1941",Auburn Rd,,Dacula,GA,30019,Combination Grocery/Other,2,Small retail,4,Dollar General,-83.92818,34.04923,0,0,1,1,1,1,1,1,1,1,1,1,usda,,"13","135","13135"
st_224036,Dollar General 12190,A106399,"8446",Highway 85,,Jonesboro,GA,30238,Combination Grocery/Other,2,Small retail,4,Dollar General,-84.42275,33.52489,0,0,1,1,1,1,1,1,1,1,1,1,usda,,"13","063","13063"
st_249016,Dollar General 12706,A106896,"1033",Franklin Rd,,Marietta,GA,30067,Combination Grocery/Other,2,Small retail,4,Dollar General,-84.49353,33.92799,0,0,0,1,1,1,1,1,1,1,1,0,usda,,"13","067","13067"
st_243774,Dollar General 12586,A106794,"2105",S Cobb Dr SE,,Smyrna,GA,30080,Combination Grocery/Other,2,Small retail,4,Dollar General,-84.54111,33.90145,0,0,0,1,1,1,1,1,1,1,1,1,usda,,"13","067","13067"
st_248293,Dollar General 12715,A106904,"2200",Powder Springs Rd,,Marietta,GA,30064,Combination Grocery/Other,2,Small retail,4,Dollar General,-84.61752,33.88507,0,0,0,1,1,1,1,1,1,1,1,1,usda,,"13","067","13067"
st_261027,Dollar General 13043,A107194,"3900",Glenwood Rd,,Decatur,GA,30032,Combination Grocery/Other,2,Small retail,4,Dollar General,-84.25833,33.73808,0,0,0,1,1,1,1,1,1,1,1,1,usda,,"13","089","13089"
st_266319,Dollar General 13141,A107271,"4286",Chamblee Tucker Rd,,Tucker,GA,30084,Combination Grocery/Other,2,Small retail,4,Dollar General,-84.2204,33.88083,0,0,0,1,1,1,1,1,1,1,1,1,usda,,"13","089","13089"
st_267236,Dollar General 12819,A107000,"4570",Klondike Rd,,Lithonia,GA,30038,Combination Grocery/Other,2,Small retail,4,Dollar General,-84.12648,33.64696,0,0,0,1,1,1,1,1,1,1,1,1,usda,,"13","089","13089"
st_245515,Dollar General 11983,A106211,"710",Six Flags Dr,,Austell,GA,30168,Combination Grocery/Other,2,Small retail,4,Dollar General,-84.57571,33.77864,0,0,0,1,1,1,1,1,1,1,1,1,usda,,"13","067","13067"
st_241474,Dollar General 12581,A106789,"989",Athens Hwy,,Loganville,GA,30052,Combination Grocery/Other,2,Small retail,4,Dollar General,-83.95755,33.86178,0,0,0,1,1,1,1,1,1,1,1,1,usda,,"13","135","13135"
st_252695,Dollar General 12540,A106749,"980",N Indian Creek Dr,,Clarkston,GA,30021,Combination Grocery/Other,2,Small retail,4,Dollar General,-84.24036,33.80595,0,0,0,1,1,1,1,1,1,1,1,1,usda,,"13","089","13089"
st_248362,Dollar Tree 1967,A120864,"11585",Jones Bridge Rd,,Alpharetta,GA,30022,Combination Grocery/Other,2,Small retail,4,Dollar Tree,-84.21374,34.06372,0,0,0,1,1,1,1,1,1,1,1,1,usda,,"13","121","13121"
st_257876,Dollar Tree 1388,A120333,"2840",Chapel Hill Rd,,Douglasville,GA,30135,Combination Grocery/Other,2,Small retail,4,Dollar Tree,-84.737,33.72818,0,0,0,1,1,1,1,1,1,1,1,1,usda,,"13","097","13097"
st_248367,Dollar Tree 2033,A120929,"3255",Lawrenceville Suwanee Rd,,Suwanee,GA,30024,Combination Grocery/Other,2,Small retail,4,Dollar Tree,-84.05292,34.0371,0,0,0,1,1,1,1,1,1,1,1,1,usda,,"13","135","13135"
st_249058,Dollar Tree 3672,A122451,"3425",Centerville Hwy,,Snellville,GA,30039,Combination Grocery/Other,2,Small retail,4,Dollar Tree,-84.04352,33.8068,0,0,0,1,1,1,1,1,1,1,1,1,usda,,"13","135","13135"
st_257875,Dollar Tree 859,A125822,"4100",Five Forks Trickum Rd,,Liburn,GA,30047,Combination Grocery/Other,2,Small retail,4,Dollar Tree,-84.09413,33.86773,0,0,0,1,1,1,1,1,1,1,1,1,usda,,"13","135","13135"
st_249061,Dollar Tree 2257,A121139,"4401",Shallowford Rd,Ste 172,Roswell,GA,30075,Combination Grocery/Other,2,Small retail,4,Dollar Tree,-84.42318,34.02733,0,0,0,1,1,1,1,1,1,1,0,0,usda,,"13","067","13067"
st_257869,Dollar Tree 4590,A123294,"4880",Lower Roswell Rd,,Marietta,GA,30068,Combination Grocery/Other,2,Small retail,4,Dollar Tree,-84.4096,33.96613,0,0,0,1,1,1,1,1,1,1,1,1,usda,,"13","067","13067"
st_248335,Family Dollar Store 8456,A148830,"0",Mableton Pkwy,,Mableton,GA,30126,Combination Grocery/Other,2,Small retail,4,Family Dollar,-84.53363,33.7792,0,0,0,1,1,1,1,1,1,1,1,1,usda,,"13","067","13067"
st_262703,Family Dollar Store 8515,A148869,"11108",Tara Blvd,,Lovejoy,GA,30250,Combination Grocery/Other,2,Small retail,4,Family Dollar,-84.32479,33.4483,0,0,0,1,1,1,1,1,1,1,1,1,usda,,"13","063","13063"
st_267987,Family Dollar Store 8582,A148904,"12100",County Line Rd,,Fayetteville,GA,30215,Combination Grocery/Other,2,Small retail,4,Family Dollar,-84.40226,33.42667,0,0,0,1,1,1,1,1,1,1,1,1,usda,,"13","063","13063"
st_267245,Family Dollar Store 8649,A148936,"1355",E West Connector,,Austell,GA,30106,Combination Grocery/Other,2,Small retail,4,Family Dollar,-84.59645,33.85535,0,0,0,1,1,1,1,1,1,1,1,1,usda,,"13","067","13067"
st_267839,Family Dollar Store 8557,A148888,"2630",Old Norcross Rd,,Lawrenceville,GA,30044,Combination Grocery/Other,2,Small retail,4,Family Dollar,-84.08753,33.94966,0,0,0,1,1,1,1,1,1,1,1,1,usda,,"13","135","13135"
st_253419,Family Dollar Store 8551,A148883,"4624",Jimmy Carter Blvd,,Norcross,GA,30093,Combination Grocery/Other,2,Small retail,4,Family Dollar,-84.19194,33.88543,0,0,0,1,1,1,1,1,1,1,1,1,usda,,"13","135","13135"
st_259091,Family Dollar Store 4220,A146280,"5638",Riverdale Rd,,Atlanta,GA,30349,Combination Grocery/Other,2,Small retail,4,Family Dollar,-84.42934,33.60122,0,0,0,1,1,1,1,1,1,1,1,1,usda,,"13","063","13063"
st_248324,Family Dollar Store 8331,A148771,"7050",Jimmy Carter Blvd,,Norcross,GA,30092,Combination Grocery/Other,2,Small retail,4,Family Dollar,-84.24097,33.94515,0,0,0,1,1,1,1,1,1,1,1,1,usda,,"13","135","13135"
st_245742,Dollar General 12665,A106862,"2846",Lavista Rd,,Decatur,GA,30033,Combination Grocery/Other,2,Small retail,4,Dollar General,-84.29078151,33.82509486,0,0,0,1,1,1,1,1,0,0,0,0,esri,,"13","089","13089"
st_240146,Family Dollar Store 8370,A103564,"6355",Jimmy Carter Blvd,,Norcross,GA,30071,Combination Grocery/Other,2,Small retail,4,Family Dollar,-84.22157447,33.9310059,0,0,0,1,1,1,1,1,0,0,0,0,esri,,"13","135","13135"
st_282866,DOLLAR GENERAL 13055,A107205,"2847",Bouldercrest Rd,,Ellenwood,GA,30294,Combination Grocery/Other,2,Small retail,4,Dollar General,-84.30775,33.67678,0,0,0,0,1,1,1,1,1,1,1,1,usda,,"13","089","13089"
st_295271,Dollar Tree 4864,A123548,"1453",Terrell Mill Rd SE,,Marietta,GA,30067,Combination Grocery/Other,2,Small retail,4,Dollar Tree,-84.46889,33.9168,0,0,0,0,1,1,1,1,1,1,1,1,usda,,"13","067","13067"
st_295266,Dollar Tree 4819,A123505,"4271",Lawrenceville Hwy,,Tucker,GA,30084,Combination Grocery/Other,2,Small retail,4,Dollar Tree,-84.20964,33.85422,0,0,0,0,1,1,1,1,1,1,1,1,usda,,"13","089","13089"
st_295267,Dollar Tree 4895,A123577,"4420",Jonesboro Rd,,Forest Park,GA,30297,Combination Grocery/Other,2,Small retail,4,Dollar Tree,-84.35806,33.63366,0,0,0,0,1,1,1,1,1,1,1,1,usda,,"13","063","13063"
st_290040,Family Dollar Store 9122,A149185,"1355",Roswell Rd,,Marietta,GA,30062,Combination Grocery/Other,2,Small retail,4,Family Dollar,-84.51168,33.95076,0,0,0,0,1,1,1,1,1,1,0,0,usda,,"13","067","13067"
st_283397,Family Dollar Store 8859,A149048,"1605",Austell Rd SE,,Marietta,GA,30008,Combination Grocery/Other,2,Small retail,4,Family Dollar,-84.55464,33.91374,0,0,0,0,1,1,1,1,1,1,1,1,usda,,"13","067","13067"
st_278469,Family Dollar Store 8807,A026545,"2125",Roswell Rd,,Marietta,GA,30062,Combination Grocery/Other,2,Small retail,4,Family Dollar,-84.49109732,33.96690766,0,0,0,0,1,1,1,0,0,0,0,0,esri,PointAddress,"13","067","13067"
st_278791,Family Dollar Store 8474,A148842,"2500",Snapfinger Rd,,Decatur,GA,30034,Combination Grocery/Other,2,Small retail,4,Family Dollar,-84.21845,33.70697,0,0,0,0,1,1,1,1,1,1,1,1,usda,,"13","089","13089"
st_272192,Family Dollar Store 8652,A148940,"2683",Lee Rd,,Lithia Springs,GA,30122,Combination Grocery/Other,2,Small retail,4,Family Dollar,-84.66734,33.73436,0,0,0,0,1,1,1,1,1,1,1,1,usda,,"13","097","13097"
st_282884,FAMILY DOLLAR 8825,A143792,"5746",Jonesboro Rd,,Morrow,GA,30260,Combination Grocery/Other,2,Small retail,4,Family Dollar,-84.33828547,33.5980005,0,0,0,0,1,1,1,1,0,0,0,0,esri,StreetAddress,"13","063","13063"
st_272196,Family Dollar Store 8648,A148935,"6365",Highway 85,,Riverdale,GA,30274,Combination Grocery/Other,2,Small retail,4,Family Dollar,-84.41164,33.58174,0,0,0,0,1,1,1,1,1,1,1,1,usda,,"13","063","13063"
st_280915,Family Dollar Store 8385,A148793,"6385",Old National Hwy,,Atlanta,GA,30349,Combination Grocery/Other,2,Small retail,4,Family Dollar,-84.46943,33.58144,0,0,0,0,1,1,1,1,1,1,1,1,usda,,"13","121","13121"
st_277096,Dollar Tree 4765,A123458,"790",Powder Springs St,,Marietta,GA,30064,Combination Grocery/Other,2,Small retail,4,Dollar Tree,-84.56104,33.93302,0,0,0,0,1,1,1,1,1,1,1,1,usda,,"13","067","13067"
st_277860,Family Dollar Store 8805,A131624,"1800",Panola Rd,,Lithonia,GA,30058,Combination Grocery/Other,2,Small retail,4,Family Dollar,-84.16936,33.73801,0,0,0,0,1,1,1,1,1,1,1,1,usda,,"13","089","13089"
st_272191,Family Dollar Store 8381,A103566,"2690",Metropolitan Pkwy SW,,Atlanta,GA,30315,Combination Grocery/Other,2,Small retail,4,Family Dollar,-84.4077,33.68162745,0,0,0,0,1,1,1,1,0,0,0,0,esri,,"13","121","13121"
st_318296,Dollar General 13962,A107972,"3510",N Decatur Rd,,Scottdale,GA,30079,Combination Grocery/Other,2,Small retail,4,Dollar General,-84.24849,33.78802,0,0,0,0,0,1,1,1,1,1,1,1,usda,,"13","089","13089"
st_311503,Dollar General 13728,A107753,"6660",S Sweetwater Rd,,Lithia Springs,GA,30122,Combination Grocery/Other,2,Small retail,4,Dollar General,-84.66027,33.7929,0,0,0,0,0,1,1,1,1,1,1,1,usda,,"13","097","13097"
st_313480,Dollar General 13653,A107686,"8427",Highway 166,,Douglasville,GA,30135,Combination Grocery/Other,2,Small retail,4,Dollar General,-84.85069,33.61948,0,0,0,0,0,1,1,1,1,1,1,1,usda,,"13","097","13097"
st_317264,Dollar Tree 5137,A123810,"2550",Sandy Plains Rd,,Marietta,GA,30066,Combination Grocery/Other,2,Small retail,4,Dollar Tree,-84.49561,34.01294,0,0,0,0,0,1,1,1,1,1,1,1,usda,,"13","067","13067"
st_315880,Dollar Tree 4723,A123420,"4030",Lawrenceville Hwy NW,,Lilburn,GA,30047,Combination Grocery/Other,2,Small retail,4,Dollar Tree,-84.11468,33.90399,0,0,0,0,0,1,1,1,1,1,1,1,usda,,"13","135","13135"
st_310425,Dollar Tree 4772,A123464,"4651",Woodstock Rd,,Roswell,GA,30075,Combination Grocery/Other,2,Small retail,4,Dollar Tree,-84.42126,34.06237,0,0,0,0,0,1,1,1,1,1,1,1,usda,,"13","067","13067"
st_302051,Dollar Tree 6614,A125169,"630",E Lake Dr,,Decatur,GA,30030,Combination Grocery/Other,2,Small retail,4,Dollar Tree,-84.30502,33.75974,0,0,0,0,0,1,1,1,1,1,1,1,usda,,"13","089","13089"
st_316762,Dollar Tree 5135,A123807,"6526",Tara Blvd,,Jonesboro,GA,30236,Combination Grocery/Other,2,Small retail,4,Dollar Tree,-84.37241,33.57665,0,0,0,0,0,1,1,1,1,1,1,1,usda,,"13","063","13063"
st_319220,Family Dollar Store 9106,A149172,"2051",Austell Rd SW,,Marietta,GA,30008,Combination Grocery/Other,2,Small retail,4,Family Dollar,-84.56603,33.90378,0,0,0,0,0,1,1,1,1,1,1,1,usda,,"13","067","13067"
st_310410,Family Dollar Store 9097,A149170,"2324",Cascade Rd SW,,Atlanta,GA,30311,Combination Grocery/Other,2,Small retail,4,Family Dollar,-84.46462,33.72193,0,0,0,0,0,1,1,1,1,1,1,1,usda,,"13","121","13121"
st_317002,Family Dollar Store 9226,A149238,"307",Forest Pkwy,,Forest Park,GA,30297,Combination Grocery/Other,2,Small retail,4,Family Dollar,-84.3792,33.62061,0,0,0,0,0,1,1,1,1,1,1,1,usda,,"13","063","13063"
st_322915,Family Dollar 10491,A140327,"3429",Covington Dr,,Decatur,GA,30032,Combination Grocery/Other,2,Small retail,4,Family Dollar,-84.24923,33.76141,0,0,0,0,0,1,1,1,1,1,1,1,usda,,"13","089","13089"
st_317531,Family Dollar Store 10151,A144108,"3824",Powder Springs Rd,,Powder Springs,GA,30127,Combination Grocery/Other,2,Small retail,4,Family Dollar,-84.6652,33.86049,0,0,0,0,0,1,1,1,1,1,1,1,usda,,"13","067","13067"
st_313452,Family Dollar Store 9356,A149309,"4095",Lawrenceville Hwy NW,,Lilburn,GA,30047,Combination Grocery/Other,2,Small retail,4,Family Dollar,-84.1168,33.90381,0,0,0,0,0,1,1,1,1,1,1,0,usda,,"13","135","13135"
st_313458,Family Dollar Store 10281,A144179,"4949",Buford Hwy,,Atlanta,GA,30341,Combination Grocery/Other,2,Small retail,4,Family Dollar,-84.28745,33.88705,0,0,0,0,0,1,1,1,1,1,1,1,usda,,"13","089","13089"
st_313446,Family Dollar Store 8894,A149066,"7132",Tara Blvd,,Jonesboro,GA,30236,Combination Grocery/Other,2,Small retail,4,Family Dollar,-84.37104,33.55947,0,0,0,0,0,1,1,1,1,1,1,1,usda,,"13","063","13063"
st_335759,Dollar General 14326,A108332,"1219",Winder Hwy,,Dacula,GA,30019,Combination Grocery/Other,2,Small retail,4,Dollar General,-83.94432,33.97689,0,0,0,0,0,0,1,1,1,1,1,1,usda,,"13","135","13135"
st_346081,Dollar General 14086,A108093,"1955",Harbins Rd,,Dacula,GA,30019,Combination Grocery/Other,2,Small retail,4,Dollar General,-83.85491,33.94765,0,0,0,0,0,0,1,1,1,1,1,1,usda,,"13","135","13135"
st_328337,Dollar General 13941,A107952,"3570",Lee Rd,,Snellville,GA,30039,Combination Grocery/Other,2,Small retail,4,Dollar General,-84.01069,33.78316,0,0,0,0,0,0,1,1,1,1,1,1,usda,,"13","135","13135"
st_335631,Dollar General 13836,A107857,"3509",Martin Luther King Jr Dr SW,,Atlanta,GA,30331,Combination Grocery/Other,2,Small retail,4,Dollar General,-84.50251,33.75772,0,0,0,0,0,0,1,1,1,1,1,0,usda,,"13","121","13121"
st_341242,Dollar Tree 5260,A123929,"2050",Lawrenceville Hwy,,Decatur,GA,30033,Combination Grocery/Other,2,Small retail,4,Dollar Tree,-84.27345,33.80966,0,0,0,0,0,0,1,1,1,1,1,1,usda,,"13","089","13089"
st_335287,Dollar Tree 5351,A124012,"2725",Hamilton Mill Rd NE,,Buford,GA,30519,Combination Grocery/Other,2,Small retail,4,Dollar Tree,-83.92175,34.0809,0,0,0,0,0,0,1,1,1,1,1,1,usda,,"13","135","13135"
st_332965,Dollar Tree 5383,A124040,"3825",Venture Dr,,Duluth,GA,30096,Combination Grocery/Other,2,Small retail,4,Dollar Tree,-84.13577,33.95217,0,0,0,0,0,0,1,1,1,1,1,1,usda,,"13","135","13135"
st_332966,Dollar Tree 5178,A123851,"757",Whitlock Ave SW,,Marietta,GA,30064,Combination Grocery/Other,2,Small retail,4,Dollar Tree,-84.57476,33.95189,0,0,0,0,0,0,1,1,1,1,1,1,usda,,"13","067","13067"
st_345821,Dollar Tree 6525,A125108,"895",New Hope Rd,,Lawrenceville,GA,30046,Combination Grocery/Other,2,Small retail,4,Dollar Tree,-83.95905,33.93514,0,0,0,0,0,0,1,1,1,1,1,1,usda,,"13","135","13135"
st_345816,Family Dollar Store 10154,A144109,"1125",N Indian Creek Dr,,Clarkston,GA,30021,Combination Grocery/Other,2,Small retail,4,Family Dollar,-84.24199,33.8092,0,0,0,0,0,0,1,1,1,1,1,1,usda,,"13","089","13089"
st_329880,Family Dollar Store 10056,A144047,"1308",Powder Springs Rd SW,,Marietta,GA,30064,Combination Grocery/Other,2,Small retail,4,Family Dollar,-84.59212,33.91399,0,0,0,0,0,0,1,1,1,1,1,1,usda,,"13","067","13067"
st_340617,Family Dollar 10473,A140316,"2335",Highway 138 E,,Jonesboro,GA,30236,Combination Grocery/Other,2,Small retail,4,Family Dollar,-84.31429,33.53565,0,0,0,0,0,0,1,1,1,1,1,1,usda,,"13","063","13063"
st_330048,Family Dollar Store 10480,A144276,"3454",Baker Rd NW,,Acworth,GA,30101,Combination Grocery/Other,2,Small retail,4,Family Dollar,-84.65092,34.07584,0,0,0,0,0,0,1,1,1,1,1,1,usda,,"13","067","13067"
st_335446,Family Dollar Store 10267,A144169,"567",Cobb Pkwy N,,Marietta,GA,30062,Combination Grocery/Other,2,Small retail,4,Family Dollar,-84.53366,33.96535,0,0,0,0,0,0,1,1,1,1,1,1,usda,,"13","067","13067"
st_348142,Family Dollar 10326,A140255,"850",Veterans Memorial Hwy SW,,Mableton,GA,30126,Combination Grocery/Other,2,Small retail,4,Family Dollar,-84.57916,33.81872,0,0,0,0,0,0,1,1,1,1,1,1,usda,,"13","067","13067"
st_335286,Dollar Tree 5411,A124070,"2975",Lawrenceville Hwy,,Lawrenceville,GA,30044,Combination Grocery/Other,2,Small retail,4,Dollar Tree,-84.0835,33.92191,0,0,0,0,0,0,1,1,1,1,1,1,usda,,"13","135","13135"
st_338626,Family Dollar 10777,A103593,"2628",Rainbow Way,,Decatur,GA,30034,Combination Grocery/Other,2,Small retail,4,Family Dollar,-84.27066406,33.71185244,0,0,0,0,0,0,1,1,0,0,0,0,esri,,"13","089","13089"
st_360646,Dollar General 14975,A108918,"1575",Battlecreek Rd,,Jonesboro,GA,30236,Combination Grocery/Other,2,Small retail,4,Dollar General,-84.33781,33.55245,0,0,0,0,0,0,0,1,1,1,1,1,usda,,"13","063","13063"
st_377891,Dollar General 14282,A108288,"3565",Jonesboro Rd,,Fairburn,GA,30213,Combination Grocery/Other,2,Small retail,4,Dollar General,-84.50546,33.55853,0,0,0,0,0,0,0,1,1,1,1,1,usda,,"13","121","13121"
st_361335,Dollar General 15244,A109168,"6307",Cedar Mountain Rd,,Douglasville,GA,30134,Combination Grocery/Other,2,Small retail,4,Dollar General,-84.78144,33.75945,0,0,0,0,0,0,0,1,1,1,1,1,usda,,"13","097","13097"
st_373557,Dollar Tree 5829,A124463,"1326",Moreland Ave SE,,Atlanta,GA,30316,Combination Grocery/Other,2,Small retail,4,Dollar Tree,-84.34945,33.71501,0,0,0,0,0,0,0,1,1,1,1,1,usda,,"13","089","13089"
st_362419,Dollar Tree 5779,A124419,"2630",Martin Luther King,,Atlanta,GA,30311,Combination Grocery/Other,2,Small retail,4,Dollar Tree,-84.47378,33.75378,0,0,0,0,0,0,0,1,1,1,1,1,usda,,"13","121","13121"
st_362402,Dollar Tree 1031,A120025,"2863",N Decatur Rd,,Decatur,GA,30033,Combination Grocery/Other,2,Small retail,4,Dollar Tree,-84.27479,33.79377,0,0,0,0,0,0,0,1,1,1,1,1,usda,,"13","089","13089"
st_368592,Family Dollar Store 10676,A144340,"2001",James Jackson Pkwy NW,,Atlanta,GA,30318,Combination Grocery/Other,2,Small retail,4,Family Dollar,-84.4764,33.81096,0,0,0,0,0,0,0,1,1,1,1,1,usda,,"13","121","13121"
st_373180,Family Dollar 10761,A140475,"226",Ralph David Abernathy Blvd SW,,Atlanta,GA,30312,Combination Grocery/Other,2,Small retail,4,Family Dollar,-84.39532,33.73683,0,0,0,0,0,0,0,1,1,1,1,1,usda,,"13","121","13121"
st_369619,FAMILY DOLLAR STORE 11059,A144419,"2923",Mt Zion Rd,,Jonesboro,GA,30236,Combination Grocery/Other,2,Small retail,4,Family Dollar,-84.29574,33.55533,0,0,0,0,0,0,0,1,1,1,1,1,usda,,"13","063","13063"
st_376608,Family Dollar 10677,A140426,"4472",Campbellton Rd SW,,Atlanta,GA,30331,Combination Grocery/Other,2,Small retail,4,Family Dollar,-84.53469,33.69605,0,0,0,0,0,0,0,1,1,1,1,1,usda,,"13","121","13121"
st_357705,Family Dollar 10681,A140430,"4615",Rockbridge Rd,,Stone Mountain,GA,30083,Combination Grocery/Other,2,Small retail,4,Family Dollar,-84.20521,33.78631,0,0,0,0,0,0,0,1,1,1,1,1,usda,,"13","089","13089"
st_358371,Family Dollar 10699,A140439,"50",Highway 138,,Riverdale,GA,30274,Combination Grocery/Other,2,Small retail,4,Family Dollar,-84.39197,33.54153,0,0,0,0,0,0,0,1,1,1,1,1,usda,,"13","063","13063"
st_356068,FAMILY DOLLAR STORE 10792,A144367,"5960",Highway 42,,Rex,GA,30273,Combination Grocery/Other,2,Small retail,4,Family Dollar,-84.29426,33.59202,0,0,0,0,0,0,0,1,1,1,1,1,usda,,"13","063","13063"
st_360853,Family Dollar 470,A142469,"6871",Main St,,Lithonia,GA,30058,Combination Grocery/Other,2,Small retail,4,Family Dollar,-84.10959,33.70961,0,0,0,0,0,0,0,1,1,1,1,1,usda,,"13","089","13089"
st_376509,Dollar Tree 5996,A124622,"1733",Powder Springs Rd SW,,Marietta,GA,30064,Combination Grocery/Other,2,Small retail,4,Dollar Tree,-84.60353,33.90573,0,0,0,0,0,0,0,1,1,1,1,1,usda,,"13","067","13067"
st_378013,Dollar Tree 6030,A124655,"2383",Lake Harbin Rd,,Morrow,GA,30260,Combination Grocery/Other,2,Small retail,4,Dollar Tree,-84.31202,33.58295,0,0,0,0,0,0,0,1,1,1,1,1,usda,,"13","063","13063"
st_368892,Dollar Tree 5871,A090244,"3544",Canton Rd,,Marietta,GA,30066,Combination Grocery/Other,2,Small retail,4,Dollar Tree,-84.52824,34.03834,0,0,0,0,0,0,0,1,1,1,1,1,usda,,"13","067","13067"
st_398856,Dollar General 16824,A110368,"10291",Tara Blvd,,Jonesboro,GA,30236,Combination Grocery/Other,2,Small retail,4,Dollar General,-84.33728,33.47475,0,0,0,0,0,0,0,0,1,1,1,1,usda,,"13","063","13063"
st_382426,Dollar General 16103,A109881,"3990",Riley Rd,,Douglasville,GA,30134,Combination Grocery/Other,2,Small retail,4,Dollar General,-84.70138,33.7801,0,0,0,0,0,0,0,0,1,1,1,1,usda,,"13","097","13097"
st_401187,Dollar General 16756,A110323,"4511",Brownsville Rd,,Powder Springs,GA,30127,Combination Grocery/Other,2,Small retail,4,Dollar General,-84.69925,33.84369,0,0,0,0,0,0,0,0,1,1,1,1,usda,,"13","067","13067"
st_386116,Dollar General 15425,A109334,"4894",Old National Hwy,,College Park,GA,30337,Combination Grocery/Other,2,Small retail,4,Dollar General,-84.47414,33.62199,0,0,0,0,0,0,0,0,1,1,1,1,usda,,"13","121","13121"
st_388584,Dollar Tree 6241,A124860,"906",Ralph David Abernathy Blvd SW,,Atlanta,GA,30310,Combination Grocery/Other,2,Small retail,4,Dollar Tree,-84.41751,33.738,0,0,0,0,0,0,0,0,1,1,1,1,usda,,"13","121","13121"
st_389768,Family Dollar 11425,A140897,"1723",Lakewood Ave SE,,Atlanta,GA,30315,Combination Grocery/Other,2,Small retail,4,Family Dollar,-84.38011,33.70686,0,0,0,0,0,0,0,0,1,1,1,1,usda,,"13","121","13121"
st_382896,Family Dollar 11394,A140874,"1896",Old Norcross Rd,,Lawrenceville,GA,30044,Combination Grocery/Other,2,Small retail,4,Family Dollar,-84.05936,33.95189,0,0,0,0,0,0,0,0,1,1,1,1,usda,,"13","135","13135"
st_384107,Family Dollar 11424,A140896,"2590",Winder Hwy,,Dacula,GA,30019,Combination Grocery/Other,2,Small retail,4,Family Dollar,-83.89279,33.98795,0,0,0,0,0,0,0,0,1,1,1,0,usda,,"13","135","13135"
st_398220,Family Dollar 11580,A141007,"3985",Flat Shoals Rd,,Union City,GA,30291,Combination Grocery/Other,2,Small retail,4,Family Dollar,-84.51867,33.58707,0,0,0,0,0,0,0,0,1,1,1,1,usda,,"13","121","13121"
st_397257,Family Dollar 11615,A141037,"4226",Washington Rd,,East Point,GA,30344,Combination Grocery/Other,2,Small retail,4,Family Dollar,-84.49111,33.64034,0,0,0,0,0,0,0,0,1,1,1,1,usda,,"13","121","13121"
st_401472,Family Dollar 11616,A141038,"7042",Covington Hwy,,Lithonia,GA,30058,Combination Grocery/Other,2,Small retail,4,Family Dollar,-84.13134,33.71646,0,0,0,0,0,0,0,0,1,1,1,1,usda,,"13","089","13089"
st_395577,Dollar Tree 6350,A106862,"2846",Lavista Rd,,Decatur,GA,30033,Combination Grocery/Other,2,Small retail,4,Dollar Tree,-84.29079,33.82507,0,0,0,0,0,0,0,0,1,1,1,1,usda,,"13","089","13089"
st_383286,Dollar Tree 6090,A124715,"645",Russell Rd,,Lawrenceville,GA,30043,Combination Grocery/Other,2,Small retail,4,Dollar Tree,-83.99369,34.00637,0,0,0,0,0,0,0,0,1,1,1,1,usda,,"13","135","13135"
st_421042,Dollar General 17866,A111027,"3300",Royal South Pkwy,,Atlanta,GA,30349,Combination Grocery/Other,2,Small retail,4,Dollar General,-84.49855,33.59627,0,0,0,0,0,0,0,0,0,1,1,1,usda,,"13","121","13121"
st_407655,Dollar General 17213,A110606,"7160",Buford Hwy,,Doraville,GA,30340,Combination Grocery/Other,2,Small retail,4,Dollar General,-84.25674,33.91938,0,0,0,0,0,0,0,0,0,1,1,1,usda,,"13","135","13135"
st_406160,Dollar Tree 6226,A124848,"3610",Anderson Farm Rd,,Marietta,GA,30064,Combination Grocery/Other,2,Small retail,4,Dollar Tree,-84.63409,33.86782,0,0,0,0,0,0,0,0,0,1,1,1,usda,,"13","067","13067"
st_409794,Dollar Tree 7083,A125385,"832",Dacula Rd,,Dacula,GA,30019,Combination Grocery/Other,2,Small retail,4,Dollar Tree,-83.91483,34.00783,0,0,0,0,0,0,0,0,0,1,1,1,usda,,"13","135","13135"
st_421157,Family Dollar 11824,A141195,"2942",Rainbow Dr,,Decatur,GA,30034,Combination Grocery/Other,2,Small retail,4,Family Dollar,-84.26959,33.7098,0,0,0,0,0,0,0,0,0,1,1,1,usda,,"13","089","13089"
st_412139,Family Dollar 11696,A141098,"3031",Main St,,East Point,GA,30344,Combination Grocery/Other,2,Small retail,4,Family Dollar,-84.44276,33.67259,0,0,0,0,0,0,0,0,0,1,1,1,usda,,"13","121","13121"
st_405170,Family Dollar 11178,A140726,"3193",Stone Mountain Hwy,,Snellville,GA,30078,Combination Grocery/Other,2,Small retail,4,Family Dollar,-84.04419,33.85144,0,0,0,0,0,0,0,0,0,1,1,1,usda,,"13","135","13135"
st_415094,Family Dollar 11635,A141054,"3460",E Ponce de Leon Ave,,Scottdale,GA,30079,Combination Grocery/Other,2,Small retail,4,Family Dollar,-84.26239,33.79572,0,0,0,0,0,0,0,0,0,1,1,1,usda,,"13","089","13089"
st_421656,Dollar Tree 7244,A125525,"4930",Austell Rd,,Austell,GA,30106,Combination Grocery/Other,2,Small retail,4,Dollar Tree,-84.6117,33.83422,0,0,0,0,0,0,0,0,0,1,1,1,usda,,"13","067","13067"
st_429233,DOLLAR GENERAL 11170,A105408,"11519",Hastings Bridge Rd,,Hampton,GA,30228,Combination Grocery/Other,2,Small retail,4,Dollar General,-84.3154,33.44106,0,0,0,0,0,0,0,0,0,0,1,1,usda,,"13","063","13063"
st_430160,Dollar General 18964,A111905,"1977",S Deshon Rd,,Lithonia,GA,30058,Combination Grocery/Other,2,Small retail,4,Dollar General,-84.1317,33.74532,0,0,0,0,0,0,0,0,0,0,1,1,usda,,"13","089","13089"
st_430122,Dollar General 18893,A111861,"2696",Buford Hwy,,Duluth,GA,30096,Combination Grocery/Other,2,Small retail,4,Dollar General,-84.13046,34.00993,0,0,0,0,0,0,0,0,0,0,1,1,usda,,"13","135","13135"
st_430245,Dollar General 19080,A111961,"2975",Headland Dr SW,,Atlanta,GA,30311,Combination Grocery/Other,2,Small retail,4,Dollar General,-84.48674,33.68958,0,0,0,0,0,0,0,0,0,0,1,1,usda,,"13","121","13121"
st_430246,Dollar General 19081,A103547,"3349",Buford Hwy NE,,Brookhaven,GA,30329,Combination Grocery/Other,2,Small retail,4,Dollar General,-84.32852,33.84304,0,0,0,0,0,0,0,0,0,0,1,1,usda,,"13","089","13089"
st_430253,Dollar General 19088,A111962,"5745",Joneboro Rd,,Lake City,GA,30260,Combination Grocery/Other,2,Small retail,4,Dollar General,-84.3386,33.59855,0,0,0,0,0,0,0,0,0,0,1,1,usda,,"13","063","13063"
st_429899,Dollar General 18593,A111614,"620",Indian Trail Lilburn Rd NW,,Lilburn,GA,30047,Combination Grocery/Other,2,Small retail,4,Dollar General,-84.14494,33.90071,0,0,0,0,0,0,0,0,0,0,1,1,usda,,"13","135","13135"
st_429633,Dollar General 18209,A111307,"6905",Mableton Pkwy SE,,Mableton,GA,30126,Combination Grocery/Other,2,Small retail,4,Dollar General,-84.54325,33.78545,0,0,0,0,0,0,0,0,0,0,1,1,usda,,"13","067","13067"
st_429931,Dollar General 18636,A111652,"791",Main St,,Stone Mountain,GA,30083,Combination Grocery/Other,2,Small retail,4,Dollar General,-84.16972,33.80219,0,0,0,0,0,0,0,0,0,0,1,1,usda,,"13","089","13089"
st_431317,Dollar Tree 7375,A125633,"3599",Mlk Jr Dr SW,,Atlanta,GA,30331,Combination Grocery/Other,2,Small retail,4,Dollar Tree,-84.50498,33.75924,0,0,0,0,0,0,0,0,0,0,1,1,usda,,"13","121","13121"
st_431277,Dollar Tree 7322,A125588,"3590",Panola Rd,,Stonecrest,GA,30038,Combination Grocery/Other,2,Small retail,4,Dollar Tree,-84.1775,33.68042,0,0,0,0,0,0,0,0,0,0,1,1,usda,,"13","089","13089"
st_430937,Dollar Tree 1400,A120341,6055A,Old National Hwy,,Atlanta,GA,30349,Combination Grocery/Other,2,Small retail,4,Dollar Tree,-84.46883,33.58994,0,0,0,0,0,0,0,0,0,0,1,1,usda,,"13","121","13121"
st_431274,Dollar Tree 7317,A125586,"791",Veterans Memorial Hwy SE,,Mableton,GA,30126,Combination Grocery/Other,2,Small retail,4,Dollar Tree,-84.53197,33.80798,0,0,0,0,0,0,0,0,0,0,1,1,usda,,"13","067","13067"
st_432913,Family Dollar Store 8049,A148649,1250-480,Tech Dr,,Norcross,GA,30093,Combination Grocery/Other,2,Small retail,4,Family Dollar,-84.16364,33.91468,0,0,0,0,0,0,0,0,0,0,1,1,usda,,"13","135","13135"
st_432562,Family Dollar 12123,A020055,"1531",Campbellton Rd SW,,Atlanta,GA,30311,Combination Grocery/Other,2,Small retail,4,Family Dollar,-84.43855,33.71306,0,0,0,0,0,0,0,0,0,0,1,1,usda,,"13","121","13121"
st_432533,Family Dollar 12070,A141402,"1938",Metropolitan Pkwy SW,,Atlanta,GA,30315,Combination Grocery/Other,2,Small retail,4,Family Dollar,-84.40802,33.70165,0,0,0,0,0,0,0,0,0,0,1,1,usda,,"13","121","13121"
st_432403,Family Dollar 11891,A141252,"2579",Gresham Rd SE,,Atlanta,GA,30316,Combination Grocery/Other,2,Small retail,4,Family Dollar,-84.31055,33.71292,0,0,0,0,0,0,0,0,0,0,1,1,usda,,"13","089","13089"
st_432715,Family Dollar Store 11892,A144562,"2925",Headland Dr,,Atlanta,GA,30344,Combination Grocery/Other,2,Small retail,4,Family Dollar,-84.48433,33.6901,0,0,0,0,0,0,0,0,0,0,1,1,usda,,"13","121","13121"
st_432773,Family Dollar Store 2349,A145200,3721A,Campbellton Rd SW,,Atlanta,GA,30331,Combination Grocery/Other,2,Small retail,4,Family Dollar,-84.51018,33.69044,0,0,0,0,0,0,0,0,0,0,1,1,usda,,"13","121","13121"
st_432789,Family Dollar Store 2602,A145356,4812 C,Redan Rd,,Stone Mountain,GA,30088,Combination Grocery/Other,2,Small retail,4,Family Dollar,-84.19526,33.76146,0,0,0,0,0,0,0,0,0,0,1,1,usda,,"13","089","13089"
st_432379,Family Dollar 11748,A141137,"5380",Brownsville Rd,,Powder Springs,GA,30127,Combination Grocery/Other,2,Small retail,4,Family Dollar,-84.72128,33.82364,0,0,0,0,0,0,0,0,0,0,1,1,usda,,"13","067","13067"
st_432368,Family Dollar 11634,A141053,"8370",Senoia Rd,,Fairburn,GA,30213,Combination Grocery/Other,2,Small retail,4,Family Dollar,-84.57596,33.52873,0,0,0,0,0,0,0,0,0,0,1,1,usda,,"13","121","13121"
st_432887,Family Dollar Store 6973,A147967,8570A,Tara Blvd,,Jonesboro,GA,30236,Combination Grocery/Other,2,Small retail,4,Family Dollar,-84.36333,33.52064,0,0,0,0,0,0,0,0,0,0,1,1,usda,,"13","063","13063"
st_432861,Family Dollar Store 5675,A147163,9145B,Roosevelt Hwy,,Palmetto,GA,30268,Combination Grocery/Other,2,Small retail,4,Family Dollar,-84.66158,33.52818,0,0,0,0,0,0,0,0,0,0,1,1,usda,,"13","121","13121"
st_430250,Dollar General 19085,A103416,"1291",Columbia Dr,,Decatur,GA,30032,Combination Grocery/Other,2,Small retail,4,Dollar General,-84.26524,33.7516,0,0,0,0,0,0,0,0,0,0,1,1,usda,,"13","089","13089"
st_430184,Dollar General 19003,A103534,"2310",Martin Luther King Jr Dr SW,,Atlanta,GA,30310,Combination Grocery/Other,2,Small retail,4,Dollar General,-84.46577,33.75179,0,0,0,0,0,0,0,0,0,0,1,1,usda,,"13","121","13121"
st_430191,Dollar General 19011,A103566,"2690",Metropolitan Pkwy SW,,Atlanta,GA,30315,Combination Grocery/Other,2,Small retail,4,Dollar General,-84.4077,33.68163,0,0,0,0,0,0,0,0,0,0,1,1,usda,,"13","121","13121"
st_430251,Dollar General 19086,A103593,"2628",Rainbow Way,,Decatur,GA,30034,Combination Grocery/Other,2,Small retail,4,Dollar General,-84.27066,33.71185,0,0,0,0,0,0,0,0,0,0,1,1,usda,,"13","089","13089"
st_430244,Dollar General 19079,A103576,"2779",Lakewood Ave SW,,Atlanta,GA,30315,Combination Grocery/Other,2,Small retail,4,Dollar General,-84.40864,33.69728,0,0,0,0,0,0,0,0,0,0,1,1,usda,,"13","121","13121"
st_430252,Dollar General 19087,A103615,"4824",Flat Shoals Pkwy,,Decatur,GA,30034,Combination Grocery/Other,2,Small retail,4,Dollar General,-84.23035,33.68147,0,0,0,0,0,0,0,0,0,0,1,1,usda,,"13","089","13089"
st_430625,DOLLAR GENERAL 2565,A046056,"5055",Austell Rd,,Austell,GA,30106,Combination Grocery/Other,2,Small retail,4,Dollar General,-84.61362,33.82925,0,0,0,0,0,0,0,0,0,0,1,1,usda,,"13","067","13067"
st_430255,Dollar General 19090,A103414,"5209",Memorial Dr,,Stone Mountain,GA,30083,Combination Grocery/Other,2,Small retail,4,Dollar General,-84.22396,33.79691,0,0,0,0,0,0,0,0,0,0,1,1,usda,,"13","089","13089"
st_430254,Dollar General 19089,A103564,"6355",Jimmy Carter Blvd,,Norcross,GA,30071,Combination Grocery/Other,2,Small retail,4,Dollar General,-84.22157,33.93101,0,0,0,0,0,0,0,0,0,0,1,1,usda,,"13","135","13135"
st_430247,Dollar General 19082,A103482,"807",Cascade Ave SW,,Atlanta,GA,30310,Combination Grocery/Other,2,Small retail,4,Dollar General,-84.43755,33.73348,0,0,0,0,0,0,0,0,0,0,1,1,usda,,"13","121","13121"
st_430248,Dollar General 19083,A103483,"8775",Roswell Rd,,Atlanta,GA,30350,Combination Grocery/Other,2,Small retail,4,Dollar General,-84.35065,33.99762,0,0,0,0,0,0,0,0,0,0,1,1,usda,,"13","121","13121"
st_431413,Dollar Tree 7560,A091725,"2020",Campbellton Rd SW,,Atlanta,GA,30311,Combination Grocery/Other,2,Small retail,4,Dollar Tree,-84.45593,33.70699,0,0,0,0,0,0,0,0,0,0,1,1,usda,,"13","121","13121"
st_431169,Dollar Tree 6839,A125293,"2344",Marietta Blvd NW,,Atlanta,GA,30318,Combination Grocery/Other,2,Small retail,4,Dollar Tree,-84.45387,33.8207,0,0,0,0,0,0,0,0,0,0,1,1,usda,,"13","121","13121"
st_431162,Dollar Tree 6832,A125286,"3030",Veterans Memorial Hwy SW,,Austell,GA,30168,Combination Grocery/Other,2,Small retail,4,Dollar Tree,-84.63679,33.80503,0,0,0,0,0,0,0,0,0,0,1,1,usda,,"13","067","13067"
st_432586,Family Dollar 12190,A141454,"9591",Conners Rd,,Villa Rica,GA,30180,Combination Grocery/Other,2,Small retail,4,Family Dollar,-84.89571,33.73217,0,0,0,0,0,0,0,0,0,0,1,1,usda,,"13","097","13097"
st_454319,Dollar General 13836,,"3509",Mlk Jr Dr SW,,Atlanta,GA,30331,Combination Grocery/Other,2,Small retail,4,Dollar General,-84.50284,33.75787,0,0,0,0,0,0,0,0,0,0,0,1,usda,,"13","121","13121"
st_454106,Dollar General 19460,,"3690",Highway 166,,Douglasville,GA,30135,Combination Grocery/Other,2,Small retail,4,Dollar General,-84.69686,33.65953,0,0,0,0,0,0,0,0,0,0,0,1,usda,,"13","097","13097"
st_454263,Dollar General 20164,,"4423",Jonesboro Rd,,Forest Park,GA,30297,Combination Grocery/Other,2,Small retail,4,Dollar General,-84.35829,33.63395,0,0,0,0,0,0,0,0,0,0,0,1,usda,,"13","063","13063"
st_454117,Dollar General 19469,,"925",Shiloh Rd NW,,Kennesaw,GA,30144,Combination Grocery/Other,2,Small retail,4,Dollar General,-84.57665,34.05237,0,0,0,0,0,0,0,0,0,0,0,1,usda,,"13","067","13067"
st_453983,Dollar Tree 7774,,"1900",Duluth Hwy,,Lawrenceville,GA,30043,Combination Grocery/Other,2,Small retail,4,Dollar Tree,-84.07828,33.97673,0,0,0,0,0,0,0,0,0,0,0,1,usda,,"13","135","13135"
st_454292,Dollar Tree 5242,,"2034",Metropolitan Pkwy SW,,Atlanta,GA,30315,Combination Grocery/Other,2,Small retail,4,Dollar Tree,-84.408,33.69918,0,0,0,0,0,0,0,0,0,0,0,1,usda,,"13","121","13121"
st_454107,Dollar Tree 7700,,"2710",Fairburn Rd,,Douglasville,GA,30135,Combination Grocery/Other,2,Small retail,4,Dollar Tree,-84.6686,33.73241,0,0,0,0,0,0,0,0,0,0,0,1,usda,,"13","097","13097"
st_454118,Dollar Tree 1807,,"4283",Wade Green Rd NW,,Kennesaw,GA,30144,Combination Grocery/Other,2,Small retail,4,Dollar Tree,-84.59302,34.05726,0,0,0,0,0,0,0,0,0,0,0,1,usda,,"13","067","13067"
st_454399,Dollar Tree 7676,,"4470",Nelson Brogdon Blvd,,Buford,GA,30518,Combination Grocery/Other,2,Small retail,4,Dollar Tree,-84.01646,34.09824,0,0,0,0,0,0,0,0,0,0,0,1,usda,,"13","135","13135"
st_454062,Dollar Tree 7776,,"4890",Cherokee St,,Acworth,GA,30101,Combination Grocery/Other,2,Small retail,4,Dollar Tree,-84.67714,34.0734,0,0,0,0,0,0,0,0,0,0,0,1,usda,,"13","067","13067"
st_453963,Dollar Tree 1480,,"4855",Flat Shoals Pkwy,,Decatur,GA,30034,Combination Grocery/Other,2,Small retail,4,Dollar Tree,-84.22931,33.68106,0,0,0,0,0,0,0,0,0,0,0,1,usda,,"13","089","13089"
st_454327,Family Dollar 12249,,2461A,Riverdale Rd,,Atlanta,GA,30337,Combination Grocery/Other,2,Small retail,4,Family Dollar,-84.46976,33.63522,0,0,0,0,0,0,0,0,0,0,0,1,usda,,"13","121","13121"
st_453971,Family Dollar 12308,,"3295",Highway 124,,Snellville,GA,30039,Combination Grocery/Other,2,Small retail,4,Family Dollar,-84.0419,33.81328,0,0,0,0,0,0,0,0,0,0,0,1,usda,,"13","135","13135"
